0,1,1,87,14,2.0,27.0,0.0,1987,0.696,0.883,1,이지석,3,181.2062174330627,74.23520208469625,4,2019-06-04T15:43:28,65,False
457,1,1,88,14,2.0,30.0,0.0,2004,0.6809999999999999,0.8759999999999999,1,김예지,3,180.92035007424352,51.469442824591525,1,2019-06-04T15:43:28,15,False
0,1,1,75,12,1.0,23.0,0.5,1678,0.736,1.046,1,김나희,2,178.40807449997797,68.71310412706299,4,2019-06-04T15:43:28,10,False
560,1,1,76,12,1.0,28.0,0.5,1738,0.713,1.01,1,김유리,4,167.40042046000332,97.15849083470391,2,2019-06-04T15:43:28,57,False
1895,1,1,80,12,1.0,22.0,0.5,1698,0.701,1.034,1,이지영,1,157.40345695804746,102.86343953224629,1,2019-06-04T15:43:28,38,False
0,2,1,88,18,3.0,28.0,0.0,1215,0.71,1.444,1,김주향,2,183.49180709975877,50.690675981830424,3,2019-06-04T15:43:28,90,True
538,2,1,90,18,3.0,27.0,0.0,1200,0.718,1.462,1,방신봉,3,178.35541101444966,79.15003736299967,5,2019-06-04T15:43:28,94,True
0,1,1,80,12,4.0,28.0,0.0,1689,0.7120000000000001,1.0390000000000001,1,하경민,3,163.96798499528722,82.35236608506537,2,2019-06-04T15:43:28,96,True
1010,1,1,83,12,4.0,29.0,0.5,1701,0.711,1.032,1,김윤정,4,181.44709691359202,71.83962879756736,5,2019-06-04T15:43:28,21,False
1603,1,1,85,12,4.0,30.0,0.0,1699,0.705,1.033,1,김선영,2,160.27250240951835,93.84001175435657,2,2019-06-04T15:43:28,67,False
0,1,1,71,16,1.0,28.0,0.5,1357,0.748,1.2930000000000001,1,김진희,2,155.9984724860008,56.823779497627356,5,2019-06-04T15:43:28,92,True
518,1,1,73,16,1.0,27.0,1.0,1365,0.727,1.286,1,이영주,1,166.6953749848082,107.84797148044537,6,2019-06-04T15:43:28,90,True
1281,1,1,75,16,1.0,27.0,1.0,1372,0.71,1.2790000000000001,1,조재성,1,172.86591887969632,104.73483153571848,1,2019-06-04T15:43:28,52,False
0,2,1,93,14,2.0,30.0,0.0,1272,0.698,1.38,1,이진화,1,177.56280464307366,61.86326272574318,5,2019-06-04T15:43:28,83,True
742,2,1,95,14,2.0,29.0,0.0,1257,0.703,1.396,1,강웅,1,165.078299991774,89.01407787164221,6,2019-06-04T15:43:28,72,True
0,1,1,68,12,2.0,27.0,0.5,1457,0.8059999999999999,1.205,1,김유리,2,175.18552168777745,67.40880760746494,1,2019-06-04T15:43:28,18,False
576,1,1,69,12,2.0,24.0,0.5,1480,0.7909999999999999,1.186,1,문정원,1,183.57105917507926,102.89776644011533,3,2019-06-04T15:43:28,76,True
0,2,1,66,12,3.0,30.0,0.5,1447,0.769,1.213,1,정성환,3,177.8216659230855,117.71205394502532,4,2019-06-04T15:43:28,49,False
854,2,1,68,12,3.0,29.0,0.5,1482,0.752,1.1840000000000002,1,이강주,1,172.2851972672545,95.5205902683185,5,2019-06-04T15:43:28,8,False
0,2,1,78,16,2.0,29.0,0.0,1333,0.748,1.3159999999999998,1,강만수,3,162.92049578450553,70.09635704225875,6,2019-06-04T15:43:28,39,False
730,2,1,80,16,2.0,29.0,0.0,1323,0.738,1.3259999999999998,1,김진희,4,164.3146084507353,80.98365438681512,6,2019-06-04T15:43:28,20,False
1598,2,1,83,16,2.0,29.0,0.0,1323,0.718,1.327,1,박정아,1,166.09274753068345,94.6055278905277,2,2019-06-04T15:43:28,78,True
0,2,1,81,12,4.0,30.0,0.0,1230,0.715,1.4269999999999998,1,윤혜숙,1,186.03977791609128,61.31932935928783,3,2019-06-04T15:43:28,9,False
643,2,1,82,12,4.0,30.0,0.0,1212,0.72,1.4480000000000002,1,이시몬,1,168.53209201962383,88.05323154732213,6,2019-06-04T15:43:28,67,False
1456,2,1,85,12,4.0,29.0,0.0,1225,0.71,1.433,1,이나연,3,172.4343632070285,86.53539110760161,1,2019-06-04T15:43:28,39,False
0,1,1,76,16,3.0,21.0,0.5,1602,0.6970000000000001,1.0959999999999999,1,이소영,4,157.82775490126426,50.42861950262675,4,2019-06-04T15:43:28,40,False
504,1,1,77,16,3.0,16.0,1.0,1590,0.696,1.104,1,양유나,1,189.72160472131014,112.24519194579506,4,2019-06-04T15:43:28,99,True
0,1,1,88,8,4.0,25.0,0.5,1651,0.66,1.063,1,이미현,3,151.80523995891886,75.84272308890621,4,2019-06-04T15:43:28,40,False
707,1,1,90,8,4.0,23.0,0.5,1668,0.6459999999999999,1.052,1,허수봉,4,188.0956323575619,74.70377782944782,3,2019-06-04T15:43:28,25,False
0,1,1,80,12,3.0,29.0,0.0,1783,0.752,0.985,1,오지영,4,154.17185928740426,119.93971405225965,2,2019-06-04T15:43:28,43,False
617,1,1,81,12,3.0,27.0,0.5,1814,0.759,0.968,1,노금란,3,173.07176777507897,97.31305324162247,2,2019-06-04T15:43:28,95,True
1861,1,1,85,12,3.0,30.0,0.0,1820,0.755,0.9640000000000001,1,박종영,1,174.45206551261393,101.82231453385518,4,2019-06-04T15:43:28,60,False
2400,1,1,86,12,3.0,27.0,0.0,1813,0.7609999999999999,0.968,1,이경수,3,183.49013284076182,77.10600583181764,4,2019-06-04T15:43:28,59,False
0,2,1,87,14,1.0,30.0,0.0,1406,0.715,1.248,1,송병일,4,183.65524799205113,110.09716793245487,6,2019-06-04T15:43:28,77,True
489,2,1,88,14,1.0,29.0,0.0,1398,0.713,1.255,1,이소영,1,153.17780045504662,79.38036714953769,1,2019-06-04T15:43:28,31,False
1933,2,1,92,14,1.0,27.0,0.5,1423,0.696,1.234,1,강동진,4,185.93352508705058,72.68497424172989,6,2019-06-04T15:43:28,42,False
0,1,1,80,20,1.0,29.0,0.0,1587,0.693,1.1059999999999999,1,이승준,4,162.07967698012408,108.4739295872785,6,2019-06-04T15:43:28,32,False
756,1,1,82,20,1.0,28.0,0.5,1606,0.677,1.093,1,김정호,3,156.02385669196372,87.92561155084515,5,2019-06-04T15:43:28,18,False
1563,1,1,84,20,1.0,26.0,0.5,1597,0.6659999999999999,1.099,1,한지현,2,172.8265768072579,103.45236584274583,3,2019-06-04T15:43:28,65,False
0,1,1,72,20,1.0,26.0,0.5,1911,0.7190000000000001,0.919,1,김향란,2,150.304555412512,90.33454050311957,5,2019-06-04T15:43:28,84,True
1164,1,1,76,20,1.0,25.0,0.5,1926,0.736,0.9109999999999999,1,고예림,2,177.20133299194012,58.78252193673496,5,2019-06-04T15:43:28,100,True
0,2,1,61,16,3.0,30.0,0.0,1313,0.805,1.337,1,노란,1,152.25128386628663,97.47350594008,1,2019-06-04T15:43:28,71,True
828,2,1,64,16,3.0,29.0,0.0,1316,0.7959999999999999,1.3330000000000002,1,김미연,3,188.17595455680723,90.10927131074607,6,2019-06-04T15:43:28,1,False
0,2,1,86,12,4.0,21.0,0.5,1247,0.662,1.4069999999999998,1,이다영,3,170.74763378249708,52.05359824753085,3,2019-06-04T15:43:28,45,False
578,2,1,87,12,4.0,21.0,0.5,1250,0.652,1.405,1,임명옥,2,180.4704892585359,67.34961918619786,3,2019-06-04T15:43:28,21,False
0,1,1,82,12,3.0,27.0,0.5,1420,0.713,1.236,1,박기원,1,166.61748381290317,56.972467001674914,3,2019-06-04T15:43:28,58,False
673,1,1,84,12,3.0,27.0,0.5,1445,0.695,1.214,1,김사니,1,183.76335305935416,117.13912417991382,2,2019-06-04T15:43:28,97,True
0,2,1,69,12,3.0,29.0,0.0,1365,0.7829999999999999,1.286,1,송인석,2,171.8852161504819,82.83176231000155,4,2019-06-04T15:43:28,70,True
609,2,1,71,12,3.0,30.0,0.0,1360,0.782,1.291,1,최단아,1,161.47675827446892,62.8163021920644,4,2019-06-04T15:43:28,38,False
1234,2,1,73,12,3.0,30.0,0.0,1358,0.775,1.2930000000000001,1,강웅,1,176.97895212947375,98.68231573049172,4,2019-06-04T15:43:28,93,True
1779,2,1,74,12,3.0,30.0,0.0,1353,0.772,1.297,1,최홍석,4,167.19150654308712,79.22532451680333,4,2019-06-04T15:43:28,93,True
0,1,1,64,18,2.0,22.0,0.5,1547,0.737,1.1340000000000001,1,임명옥,2,172.57869274352504,100.67840514679439,6,2019-06-04T15:43:28,74,True
610,1,1,66,18,2.0,21.0,1.0,1562,0.7170000000000001,1.124,1,한은지,2,184.2795941700369,106.39775302902926,4,2019-06-04T15:43:28,31,False
0,2,1,77,12,4.0,29.0,0.0,1377,0.7340000000000001,1.275,1,장윤희,2,156.0481663462451,63.89775278514541,4,2019-06-04T15:43:28,56,False
1099,2,1,80,12,4.0,30.0,0.0,1390,0.735,1.263,1,김남성,4,155.00135948089826,100.6359107144643,1,2019-06-04T15:43:28,73,True
0,2,1,60,18,1.0,30.0,0.0,1402,0.8220000000000001,1.252,1,부용찬,4,183.60535898368113,91.97500883712797,4,2019-06-04T15:43:28,91,True
932,2,1,62,18,1.0,30.0,0.0,1392,0.8170000000000001,1.261,1,신진식,2,166.697895932643,98.19124905170543,5,2019-06-04T15:43:28,97,True
0,2,1,86,12,3.0,30.0,0.0,1430,0.718,1.227,1,곽승석,4,176.55160836231548,48.596622186409085,2,2019-06-04T15:43:28,67,False
446,2,1,88,12,3.0,30.0,0.0,1445,0.7190000000000001,1.215,1,손주형,2,184.6282203754663,68.09210938928814,5,2019-06-04T15:43:28,52,False
1588,2,1,91,12,3.0,28.0,0.5,1463,0.696,1.199,1,하혜진,1,173.35619568672897,79.61010672257217,2,2019-06-04T15:43:28,76,True
0,1,1,90,12,3.0,21.0,0.5,1307,0.679,1.3419999999999999,1,하종화,3,188.7533432565018,45.70868991688309,2,2019-06-04T15:43:28,56,False
642,1,1,92,12,3.0,24.0,0.5,1311,0.6759999999999999,1.339,1,문지원,2,152.81741203801298,106.65698769944456,4,2019-06-04T15:43:28,88,True
0,2,1,79,16,1.0,29.0,0.0,1466,0.703,1.197,1,김미연,3,185.67849249547154,92.92464397166971,3,2019-06-04T15:43:28,55,False
489,2,1,80,16,1.0,30.0,0.0,1450,0.698,1.21,1,송병일,1,188.7386065221071,56.09246321147106,1,2019-06-04T15:43:28,38,False
1287,2,1,82,16,1.0,30.0,0.0,1460,0.695,1.202,1,문성민,2,151.5222224558265,53.18691173796109,2,2019-06-04T15:43:28,13,False
1884,2,1,84,16,1.0,30.0,0.0,1453,0.684,1.208,1,김학민,3,184.9996915429863,45.495821642512645,6,2019-06-04T15:43:28,37,False
0,2,1,88,12,4.0,30.0,0.0,1336,0.738,1.3130000000000002,1,김유리,1,159.21106709692833,61.21289522425812,2,2019-06-04T15:43:28,90,True
405,2,1,89,12,4.0,27.0,0.0,1329,0.733,1.32,1,양유나,1,188.26434240744504,113.64953455772378,3,2019-06-04T15:43:28,51,False
0,2,1,69,13,4.0,30.0,0.0,1359,0.789,1.291,1,문정원,1,180.40585287190484,97.23698734558357,1,2019-06-04T15:43:28,46,False
713,2,1,70,13,4.0,30.0,0.0,1361,0.7829999999999999,1.29,1,김연견,2,186.25220784504623,87.2503861975267,1,2019-06-04T15:43:28,71,True
1770,2,1,73,13,4.0,30.0,0.0,1360,0.773,1.291,1,후인정,4,184.75900563889095,57.841665627113414,6,2019-06-04T15:43:28,57,False
2369,2,1,75,13,4.0,29.0,0.0,1349,0.778,1.301,1,주예나,3,183.678931967539,71.2011892000257,6,2019-06-04T15:43:28,33,False
0,1,1,82,12,4.0,27.0,0.5,1477,0.7290000000000001,1.188,1,시은미,1,157.40396621955932,66.01612917371912,4,2019-06-04T15:43:28,26,False
1123,1,1,85,12,4.0,29.0,0.5,1487,0.7170000000000001,1.18,1,문성민,3,172.72276867697155,84.1117372265416,1,2019-06-04T15:43:28,57,False
2029,1,1,88,12,4.0,26.0,0.5,1483,0.7090000000000001,1.1840000000000002,1,이효동,2,177.62027294425195,62.28041175626309,3,2019-06-04T15:43:28,38,False
2508,1,1,89,12,4.0,26.0,0.5,1485,0.706,1.181,1,윤봉우,3,175.74983484488814,113.57155677034028,2,2019-06-04T15:43:28,11,False
0,2,1,81,18,2.0,26.0,0.5,1174,0.742,1.495,1,장소연,3,168.02403699451602,61.54825456975486,3,2019-06-04T15:43:28,43,False
486,2,1,83,18,2.0,25.0,0.5,1179,0.733,1.4880000000000002,1,박슬기,3,151.59626129916768,81.72032335986518,1,2019-06-04T15:43:28,61,False
0,1,1,84,6,4.0,25.0,0.5,1310,0.727,1.339,1,조혜정,4,153.39432006454211,70.15355015267886,3,2019-06-04T15:43:28,91,True
567,1,1,86,6,4.0,27.0,0.5,1320,0.7240000000000001,1.329,1,장윤희,3,177.96013524282603,64.73973564142983,6,2019-06-04T15:43:28,96,True
1204,1,1,88,6,4.0,23.0,0.5,1348,0.713,1.3019999999999998,1,한은지,2,158.24921635807434,54.88223189374329,4,2019-06-04T15:43:28,66,False
0,2,1,71,16,1.0,27.0,0.0,1289,0.7709999999999999,1.3619999999999999,1,장영기,2,168.62243227782153,56.16557687861416,3,2019-06-04T15:43:28,78,True
756,2,1,73,16,1.0,28.0,0.0,1295,0.768,1.3559999999999999,1,이민규,1,186.97099861892607,50.3771267444877,1,2019-06-04T15:43:28,69,False
1331,2,1,75,16,1.0,28.0,0.5,1314,0.76,1.335,1,김남성,3,156.7233212499698,64.29200432570636,6,2019-06-04T15:43:28,35,False
0,2,1,70,17,3.0,29.0,0.0,1640,0.7659999999999999,1.07,1,송인석,4,169.42620565879986,93.20721874197272,5,2019-06-04T15:43:28,40,False
1008,2,1,73,17,3.0,29.0,0.0,1665,0.748,1.054,1,김요한,2,152.86003843051105,108.24022268267743,3,2019-06-04T15:43:28,86,True
0,2,1,72,12,4.0,26.0,0.5,1453,0.777,1.208,1,송인석,4,180.14260999450738,88.6681247491126,1,2019-06-04T15:43:28,67,False
491,2,1,73,12,4.0,26.0,0.5,1451,0.757,1.21,1,여오현,3,171.380799204448,59.63453944676671,4,2019-06-04T15:43:28,31,False
0,1,1,68,14,4.0,21.0,1.0,1333,0.685,1.317,1,오정록,3,183.4891756864116,62.452761730101614,2,2019-06-04T15:43:28,92,True
352,1,1,69,14,4.0,15.0,1.0,1331,0.6779999999999999,1.318,1,하종화,3,162.04790466015967,103.42808504979872,1,2019-06-04T15:43:28,60,False
866,1,1,71,14,4.0,22.0,1.0,1332,0.679,1.317,1,김예지,1,183.88039518670467,67.21010238528157,2,2019-06-04T15:43:28,44,False
0,2,1,75,18,1.0,30.0,0.0,1317,0.737,1.3319999999999999,1,나혜원,2,166.86546918346352,67.20377837586021,5,2019-06-04T15:43:28,18,False
689,2,1,77,18,1.0,29.0,0.0,1322,0.731,1.327,1,이나연,4,167.39011160234648,69.92760515043958,5,2019-06-04T15:43:28,63,False
0,2,1,83,15,2.0,20.0,0.5,1476,0.75,1.189,1,이보람,1,187.2805274344061,47.15859264657569,2,2019-06-04T15:43:28,93,True
575,2,1,85,15,2.0,22.0,1.0,1483,0.748,1.183,1,정대영,4,189.38450827821896,49.294964421467604,1,2019-06-04T15:43:28,46,False
0,2,1,77,16,2.0,29.0,0.0,1433,0.723,1.225,1,이혜린,3,152.91666631150053,50.7797113390481,1,2019-06-04T15:43:28,97,True
486,2,1,78,16,2.0,27.0,0.0,1414,0.727,1.242,1,안혜진,1,182.37578990763404,47.60408432027837,4,2019-06-04T15:43:28,96,True
0,1,1,66,16,1.0,19.0,1.0,1695,0.711,1.036,1,채선아,4,160.62900623073642,83.7828557771156,4,2019-06-04T15:43:28,2,False
248,1,1,66,16,1.0,21.0,1.0,1708,0.703,1.028,1,전새얀,4,170.10986319873322,65.45731892051276,1,2019-06-04T15:43:28,71,True
647,1,1,68,16,1.0,19.0,1.0,1712,0.691,1.025,1,김나희,4,160.7881331759838,109.94953518510076,5,2019-06-04T15:43:28,22,False
970,1,1,68,16,1.0,7.0,1.0,1714,0.682,1.024,1,장광균,4,170.02591148214762,87.77014633537541,6,2019-06-04T15:43:28,79,True
1233,1,1,69,16,1.0,4.0,1.0,1701,0.6759999999999999,1.032,1,이재영,2,160.95161612527727,81.35948848284502,4,2019-06-04T15:43:28,74,True
0,2,1,69,16,3.0,30.0,0.0,1491,0.794,1.177,1,김예지,2,152.942940563921,100.16376617176564,6,2019-06-04T15:43:28,48,False
395,2,1,70,16,3.0,30.0,0.0,1505,0.7909999999999999,1.166,1,김세영,3,186.76831916035474,87.01635161950293,5,2019-06-04T15:43:28,70,True
687,2,1,71,16,3.0,30.0,0.0,1503,0.7879999999999999,1.168,1,이강원,2,176.94908581076652,114.64659398156219,4,2019-06-04T15:43:28,48,False
0,1,1,71,12,4.0,20.0,0.5,1461,0.7240000000000001,1.202,1,허수봉,2,175.21775955449382,113.85810727688977,5,2019-06-04T15:43:28,83,True
538,1,1,72,12,4.0,17.0,1.0,1483,0.695,1.1840000000000002,1,이고은,2,175.7441167945687,75.75643316888554,2,2019-06-04T15:43:28,24,False
0,2,1,92,23,1.0,29.0,0.0,1454,0.701,1.207,1,나현정,2,160.93930155442814,68.50521309382194,1,2019-06-04T15:43:28,45,False
457,2,1,94,23,1.0,29.0,0.0,1474,0.696,1.19,1,부용찬,4,165.1109285422645,66.59779138291911,5,2019-06-04T15:43:28,25,False
1526,2,1,97,23,1.0,30.0,0.0,1483,0.6890000000000001,1.1840000000000002,1,이정옥,2,157.88514750626908,103.32047626149446,4,2019-06-04T15:43:28,44,False
0,1,1,74,18,2.0,29.0,0.0,1463,0.737,1.199,1,신경수,3,176.24959663095575,91.59708460618856,2,2019-06-04T15:43:28,100,True
1510,1,1,78,18,2.0,30.0,0.0,1484,0.703,1.183,1,이용택,4,152.99725362271346,57.86940459726174,3,2019-06-04T15:43:28,94,True
0,2,1,82,16,3.0,29.0,0.0,1484,0.76,1.183,1,김혜선,1,161.9485883215727,108.09674090683342,3,2019-06-04T15:43:28,42,False
842,2,1,84,16,3.0,28.0,0.0,1500,0.7440000000000001,1.17,1,황승빈,3,160.9268774328664,99.88215291596526,1,2019-06-04T15:43:28,80,True
0,2,1,85,18,1.0,29.0,0.0,1264,0.701,1.3880000000000001,1,고예림,2,181.28906352506237,110.91130323570275,4,2019-06-04T15:43:28,17,False
846,2,1,87,18,1.0,24.0,0.5,1275,0.6829999999999999,1.376,1,남지연,2,160.40935507170553,59.732434364754184,3,2019-06-04T15:43:28,22,False
0,1,1,65,13,3.0,29.0,0.0,1362,0.8370000000000001,1.2890000000000001,1,박원빈,1,175.75421856443742,113.10971560787944,1,2019-06-04T15:43:28,73,True
726,1,1,67,13,3.0,27.0,0.0,1365,0.8270000000000001,1.285,1,허수봉,4,172.2284401973729,105.5551552570162,6,2019-06-04T15:43:28,45,False
0,2,1,71,14,2.0,28.0,0.0,1461,0.7559999999999999,1.202,1,한지현,3,165.4541777975956,100.72038803618584,4,2019-06-04T15:43:28,39,False
622,2,1,73,14,2.0,30.0,0.0,1456,0.7390000000000001,1.205,1,이효동,4,184.2388878629887,78.44327211772018,6,2019-06-04T15:43:28,78,True
0,2,1,81,12,2.0,30.0,0.0,1599,0.755,1.0979999999999999,1,후인정,1,161.17466106915228,47.523657818945466,5,2019-06-04T15:43:28,57,False
640,2,1,83,12,2.0,29.0,0.0,1569,0.757,1.1179999999999999,1,신경수,3,174.33117086594592,117.40851183028029,3,2019-06-04T15:43:28,84,True
1340,2,1,85,12,2.0,30.0,0.0,1580,0.7390000000000001,1.111,1,염혜선,1,175.6732854521064,64.3830523418135,5,2019-06-04T15:43:28,44,False
0,1,1,78,14,3.0,30.0,0.5,1315,0.7070000000000001,1.335,1,노금란,4,164.0421126449493,57.33434636045419,3,2019-06-04T15:43:28,13,False
212,1,1,79,14,3.0,26.0,0.5,1308,0.706,1.341,1,이효동,1,180.92082980118022,52.5116146518232,2,2019-06-04T15:43:28,1,False
764,1,1,80,14,3.0,29.0,0.5,1324,0.695,1.3259999999999998,1,백목화,4,178.58655553239254,96.07101214555058,6,2019-06-04T15:43:28,75,True
0,1,1,75,13,4.0,29.0,0.5,1416,0.7659999999999999,1.239,1,장윤창,4,184.61501005670286,62.92823331685794,3,2019-06-04T15:43:28,30,False
1290,1,1,78,13,4.0,28.0,0.5,1408,0.757,1.247,1,박상하,2,154.97009029711026,61.962788928932575,1,2019-06-04T15:43:28,77,True
0,1,1,68,18,1.0,30.0,0.0,1654,0.747,1.061,1,이소영,1,171.72060812240562,73.09815318335785,2,2019-06-04T15:43:28,42,False
873,1,1,70,18,1.0,30.0,0.0,1660,0.738,1.057,1,김상우,4,183.93497661884828,102.12180237699926,3,2019-06-04T15:43:28,90,True
1651,1,1,72,18,1.0,30.0,0.0,1681,0.7290000000000001,1.044,1,이용택,1,174.26221981536779,118.24326606656832,4,2019-06-04T15:43:28,33,False
0,2,1,79,18,2.0,29.0,0.0,1641,0.695,1.069,1,김주향,2,153.95913820186004,89.43168483265427,6,2019-06-04T15:43:28,5,False
723,2,1,81,18,2.0,30.0,0.0,1664,0.677,1.055,1,송희채,3,167.83776798790464,53.53838682067335,2,2019-06-04T15:43:28,22,False
1351,2,1,83,18,2.0,29.0,0.0,1667,0.688,1.053,1,이숙자,3,178.49729854906604,56.14296710736403,1,2019-06-04T15:43:28,74,True
0,2,1,80,12,1.0,30.0,0.5,1430,0.737,1.228,1,신영석,3,178.0680248109726,117.40742607620022,2,2019-06-04T15:43:28,49,False
490,2,1,81,12,1.0,27.0,0.5,1453,0.721,1.208,1,배인호,3,173.5857268265014,112.98801579264631,1,2019-06-04T15:43:28,22,False
0,2,1,78,8,5.0,23.0,1.0,1462,0.691,1.2,1,장병철,4,171.23093223731263,88.59179705197442,3,2019-06-04T15:43:28,54,False
830,2,1,81,8,5.0,26.0,0.5,1459,0.6940000000000001,1.203,1,박미희,2,184.01314224731058,47.48878803623498,2,2019-06-04T15:43:28,53,False
1282,2,1,82,8,5.0,18.0,0.5,1464,0.682,1.199,1,강호경,3,185.377551410427,59.02056653013631,3,2019-06-04T15:43:28,35,False
0,1,1,61,18,1.0,30.0,1.0,1957,0.7340000000000001,0.897,1,이철규,1,154.80220772717158,59.87876116115596,3,2019-06-04T15:43:28,50,False
497,1,1,62,18,1.0,30.0,0.5,1928,0.731,0.91,1,임명옥,3,162.75980644690205,74.32789185240784,1,2019-06-04T15:43:28,58,False
0,1,1,67,12,4.0,30.0,0.0,1440,0.727,1.219,1,김해란,3,154.99599603864166,55.158858928117205,2,2019-06-04T15:43:28,65,False
451,1,1,68,12,4.0,29.0,0.0,1438,0.738,1.22,1,최은지,4,166.68016347149157,96.60951107598969,2,2019-06-04T15:43:28,66,False
1438,1,1,71,12,4.0,29.0,0.0,1455,0.7240000000000001,1.206,1,신다영,2,168.90725460531044,52.85597509759404,3,2019-06-04T15:43:28,95,True
2163,1,1,73,12,4.0,28.0,0.0,1444,0.722,1.215,1,최양비,3,188.42334683159024,96.27551449252843,2,2019-06-04T15:43:28,16,False
0,2,1,88,12,3.0,30.0,0.0,1428,0.7,1.229,1,채선아,3,168.84400924890744,61.52723954070977,4,2019-06-04T15:43:28,19,False
743,2,1,90,12,3.0,29.0,0.0,1475,0.6759999999999999,1.19,1,조송화,1,169.17975726133065,93.7085830531842,4,2019-06-04T15:43:28,44,False
0,2,1,81,18,2.0,29.0,0.0,1470,0.687,1.194,1,이민규,3,188.6840976231183,115.54317203041188,3,2019-06-04T15:43:28,16,False
432,2,1,82,18,2.0,30.0,0.0,1471,0.69,1.193,1,오정록,4,181.97074733054376,105.6138022782032,1,2019-06-04T15:43:28,61,False
0,1,1,80,17,1.0,28.0,0.0,1660,0.728,1.057,1,강수희,4,178.7295989862516,95.86977937009051,6,2019-06-04T15:43:28,28,False
672,1,1,82,17,1.0,29.0,0.0,1692,0.723,1.037,1,문지원,1,168.80487683245167,83.31898568306357,2,2019-06-04T15:43:28,75,True
1415,1,1,84,17,1.0,29.0,0.0,1707,0.7170000000000001,1.028,1,하준임,3,168.41787663357468,93.91568571044391,1,2019-06-04T15:43:28,61,False
1870,1,1,85,17,1.0,30.0,0.0,1724,0.7040000000000001,1.018,1,전병선,3,171.16900183776545,114.3126214362733,4,2019-06-04T15:43:28,54,False
2386,1,1,86,17,1.0,30.0,0.0,1720,0.705,1.02,1,하혜진,3,169.6783403726922,48.948773160577794,2,2019-06-04T15:43:28,57,False
0,2,1,83,13,2.0,27.0,1.0,1391,0.705,1.262,1,황동일,1,180.80301016085912,92.27578203826636,2,2019-06-04T15:43:28,94,True
365,2,1,84,13,2.0,28.0,1.0,1402,0.695,1.252,1,장영기,2,159.6781572863122,105.52841727634168,2,2019-06-04T15:43:28,99,True
0,2,1,70,14,3.0,29.0,0.0,1524,0.787,1.151,1,신영철,1,188.42043568159968,57.421079007532846,4,2019-06-04T15:43:28,12,False
580,2,1,72,14,3.0,28.0,0.0,1512,0.777,1.161,1,황연주,1,172.94440770221388,103.2635801278553,2,2019-06-04T15:43:28,53,False
1705,2,1,75,14,3.0,28.0,0.0,1507,0.782,1.1640000000000001,1,이숙자,2,150.60622425664883,81.84241804312097,2,2019-06-04T15:43:28,24,False
2288,2,1,76,14,3.0,29.0,0.0,1490,0.774,1.178,1,최귀동,3,186.09558179226585,57.36142224069577,4,2019-06-04T15:43:28,54,False
2517,2,1,77,14,3.0,29.0,0.0,1504,0.769,1.167,1,강소휘,3,176.85258939529226,54.377227064755594,2,2019-06-04T15:43:28,86,True
0,2,1,73,8,5.0,25.0,0.5,1151,0.743,1.525,1,정민정,4,184.0468073451181,76.545227397511,5,2019-06-04T15:43:28,28,False
567,2,1,75,8,5.0,22.0,0.5,1143,0.741,1.535,1,이아청,3,187.45924625670588,94.26097748029173,4,2019-06-04T15:43:28,97,True
0,2,1,66,18,2.0,30.0,0.0,1504,0.725,1.167,1,주상용,1,158.24514011949688,109.62310390062638,6,2019-06-04T15:43:28,65,False
956,2,1,69,18,2.0,29.0,0.0,1536,0.7190000000000001,1.143,1,우주리,1,180.0110773147537,88.09884881672943,4,2019-06-04T15:43:28,12,False
1663,2,1,71,18,2.0,30.0,0.0,1520,0.718,1.155,1,최광희,2,167.58465066713592,51.59496152205239,4,2019-06-04T15:43:28,40,False
0,1,1,69,16,2.0,28.0,0.0,1848,0.737,0.95,1,최양비,2,152.3661254207302,93.93739963945313,6,2019-06-04T15:43:28,22,False
1393,1,1,73,16,2.0,29.0,0.0,1931,0.722,0.909,1,이철규,4,176.6972210870451,86.13311143450542,1,2019-06-04T15:43:28,3,False
0,1,1,89,16,1.0,28.0,0.0,1631,0.674,1.0759999999999998,1,박정아,3,164.02915507753278,94.23784261991312,3,2019-06-04T15:43:28,18,False
441,1,1,91,16,1.0,28.0,0.0,1640,0.67,1.07,1,나현정,4,176.6738843474739,119.56547196053307,2,2019-06-04T15:43:28,94,True
1019,1,1,92,16,1.0,30.0,0.0,1662,0.682,1.056,1,이기범,2,176.5098319819315,63.226985958971,2,2019-06-04T15:43:28,71,True
0,2,1,69,12,4.0,23.0,0.5,1447,0.759,1.213,1,이진화,3,170.10288353893094,48.54570292514076,4,2019-06-04T15:43:28,94,True
584,2,1,71,12,4.0,16.0,1.0,1492,0.725,1.176,1,장윤창,1,180.831052868318,65.77926403339754,4,2019-06-04T15:43:28,100,True
1435,2,1,73,12,4.0,16.0,1.0,1478,0.696,1.188,1,이소영,2,160.22310326880506,70.32005619448981,2,2019-06-04T15:43:28,80,True
0,1,1,66,15,2.0,25.0,0.5,1548,0.727,1.1340000000000001,1,유광우,4,165.73070094367117,53.95965871239614,1,2019-06-04T15:43:28,77,True
580,1,1,68,15,2.0,30.0,0.5,1556,0.713,1.128,1,주상용,2,181.37758892718753,103.18545074307325,3,2019-06-04T15:43:28,31,False
1209,1,1,69,15,2.0,28.0,0.5,1546,0.7240000000000001,1.135,1,오현미,1,164.17729754626936,76.74573740496261,1,2019-06-04T15:43:28,53,False
0,2,1,82,12,4.0,26.0,0.5,1271,0.695,1.381,1,김형진,1,187.76061932004765,54.23648244771311,5,2019-06-04T15:43:28,7,False
659,2,1,84,12,4.0,26.0,0.5,1273,0.6859999999999999,1.3780000000000001,1,백목화,4,162.38226416914597,77.03350715592197,2,2019-06-04T15:43:28,28,False
0,2,1,78,8,5.0,29.0,0.0,1383,0.7559999999999999,1.2690000000000001,1,조예진,3,170.697187602328,87.57989430488722,1,2019-06-04T15:43:28,60,False
670,2,1,80,8,5.0,27.0,0.0,1381,0.7509999999999999,1.27,1,최은지,4,152.753717826909,63.88100468830359,3,2019-06-04T15:43:28,99,True
0,2,1,63,15,2.0,28.0,0.0,1544,0.805,1.136,1,정성현,1,159.67165401351593,64.68977440173113,3,2019-06-04T15:43:28,68,False
802,2,1,65,15,2.0,28.0,0.0,1542,0.792,1.138,1,김정호,2,167.97751839821603,106.16093303623325,3,2019-06-04T15:43:28,26,False
0,2,1,96,17,1.0,26.0,1.0,1465,0.6829999999999999,1.198,1,시은미,1,163.92387983711473,87.8451428424853,4,2019-06-04T15:43:28,73,True
754,2,1,98,17,1.0,21.0,2.0,1503,0.66,1.168,1,곽유화,3,179.27473147323923,102.25796135527416,5,2019-06-04T15:43:28,19,False
0,1,1,78,12,4.0,21.0,1.0,1477,0.672,1.188,1,이나연,3,181.734958099751,67.36393292819284,4,2019-06-04T15:43:28,79,True
751,1,1,80,12,4.0,20.0,1.0,1494,0.6609999999999999,1.175,1,하준임,3,158.24366953792122,90.12787838501723,1,2019-06-04T15:43:28,9,False
0,1,1,70,12,2.0,29.0,0.5,1432,0.6920000000000001,1.225,1,장영기,3,179.7225609582669,93.8664150600101,3,2019-06-04T15:43:28,2,False
563,1,1,72,12,2.0,27.0,1.0,1432,0.684,1.226,1,이영주,1,177.822807849458,81.17021447774852,1,2019-06-04T15:43:28,18,False
0,1,1,73,18,2.0,29.0,0.0,1548,0.773,1.1340000000000001,1,이기범,2,172.5091504652266,70.66275813141351,5,2019-06-04T15:43:28,68,False
680,1,1,75,18,2.0,29.0,0.0,1534,0.772,1.1440000000000001,1,우주리,4,151.91556000990346,90.84862220756983,6,2019-06-04T15:43:28,83,True
1345,1,1,76,18,2.0,30.0,0.0,1550,0.758,1.133,1,이원중,2,175.97626502525554,58.76786882983947,5,2019-06-04T15:43:28,96,True
0,1,1,75,12,4.0,28.0,0.0,1511,0.7390000000000001,1.162,1,이영주,4,159.17157861239235,108.56004584336577,1,2019-06-04T15:43:28,55,False
1047,1,1,78,12,4.0,29.0,0.0,1506,0.715,1.166,1,한은지,2,168.71997155542255,55.26968107462176,6,2019-06-04T15:43:28,14,False
0,2,1,83,12,2.0,28.0,0.0,1383,0.748,1.2690000000000001,1,하혜진,4,183.75420517869244,49.65011016172637,6,2019-06-04T15:43:28,83,True
706,2,1,84,12,2.0,27.0,0.5,1390,0.728,1.263,1,양효진,2,167.8862032775944,71.65512033826809,4,2019-06-04T15:43:28,96,True
0,2,1,61,16,1.0,30.0,0.0,1513,0.7709999999999999,1.16,1,임유진,3,168.4915670129345,46.84286316116578,2,2019-06-04T15:43:28,22,False
817,2,1,63,16,1.0,30.0,0.0,1449,0.774,1.212,1,안혜진,1,160.85032098969918,100.75721931525004,3,2019-06-04T15:43:28,96,True
0,1,1,71,18,1.0,30.0,0.0,1769,0.6990000000000001,0.992,1,방신봉,4,150.73060887577577,99.92706299134309,4,2019-06-04T15:43:28,100,True
673,1,1,72,18,1.0,29.0,0.0,1785,0.687,0.983,1,차희선,2,152.02266545372441,103.83609549491916,1,2019-06-04T15:43:28,98,True
1412,1,1,74,18,1.0,29.0,0.0,1814,0.679,0.9670000000000001,1,윤혜숙,1,183.61876803795366,94.0890629362857,6,2019-06-04T15:43:28,48,False
0,2,1,89,13,3.0,29.0,0.0,1154,0.75,1.521,1,이소라,4,175.30792660595256,57.45175309850792,3,2019-06-04T15:43:28,13,False
778,2,1,91,13,3.0,28.0,0.0,1165,0.736,1.506,1,이정철,3,168.14069092736156,114.3317377169507,4,2019-06-04T15:43:28,82,True
0,1,1,74,16,2.0,30.0,0.0,1611,0.7290000000000001,1.089,1,양유나,3,180.85922625716125,91.74377070836684,2,2019-06-04T15:43:28,55,False
1024,1,1,77,16,2.0,30.0,0.0,1628,0.7090000000000001,1.078,1,장윤창,2,185.25920577753493,45.100129204352605,4,2019-06-04T15:43:28,45,False
0,1,1,66,12,4.0,30.0,0.5,1446,0.78,1.214,1,강민웅,3,158.8928629918523,95.95681416811965,5,2019-06-04T15:43:28,78,True
661,1,1,67,12,4.0,28.0,0.5,1412,0.7829999999999999,1.2429999999999999,1,이민규,3,154.81574682135835,116.14418552944686,1,2019-06-04T15:43:28,86,True
0,2,1,80,12,1.0,27.0,0.5,1475,0.762,1.19,1,오정록,4,172.67441167482372,98.72415518416535,3,2019-06-04T15:43:28,99,True
807,2,1,83,12,1.0,23.0,0.5,1484,0.75,1.183,1,노란,4,164.36502774753714,96.7483412368183,4,2019-06-04T15:43:28,32,False
0,2,1,77,11,4.0,29.0,0.0,1583,0.777,1.1079999999999999,1,황연주,3,169.56514320354864,62.310005779581665,3,2019-06-04T15:43:28,74,True
1218,2,1,80,11,4.0,30.0,0.0,1586,0.757,1.107,1,김종민,3,155.14657546884803,94.82875059236378,3,2019-06-04T15:43:28,80,True
1752,2,1,82,11,4.0,30.0,0.0,1590,0.76,1.104,1,조혜정,1,151.49012917256127,102.29243834895668,3,2019-06-04T15:43:28,51,False
0,2,1,71,18,2.0,30.0,0.0,1371,0.769,1.28,1,고예림,4,173.1001866647553,105.03987762911473,2,2019-06-04T15:43:28,90,True
952,2,1,74,18,2.0,30.0,0.0,1400,0.752,1.254,1,배유나,1,160.38360085113322,102.06127905892187,5,2019-06-04T15:43:28,26,False
1631,2,1,76,18,2.0,30.0,0.0,1379,0.757,1.273,1,최태웅,1,177.55649998336415,84.80268105299581,6,2019-06-04T15:43:28,10,False
0,1,1,82,15,3.0,29.0,0.5,1499,0.6890000000000001,1.171,1,한지현,4,178.7954640739993,99.40573452437556,3,2019-06-04T15:43:28,93,True
610,1,1,84,15,3.0,29.0,0.5,1497,0.6859999999999999,1.172,1,박삼용,2,158.26768367740382,80.47184849753167,6,2019-06-04T15:43:28,28,False
1387,1,1,86,15,3.0,30.0,0.5,1498,0.6809999999999999,1.171,1,이다영,3,173.38872314904253,83.15613430572196,2,2019-06-04T15:43:28,17,False
0,2,1,69,16,1.0,30.0,0.0,1404,0.75,1.25,1,심경섭,2,161.34644788819813,61.00262390110156,2,2019-06-04T15:43:28,96,True
1554,2,1,74,16,1.0,30.0,0.5,1423,0.722,1.2329999999999999,1,조혜정,4,155.51938268176937,52.79109433125433,6,2019-06-04T15:43:28,79,True
2002,2,1,75,16,1.0,30.0,0.5,1419,0.731,1.236,1,문종혁,1,158.49018791347368,107.2639011242776,2,2019-06-04T15:43:28,65,False
0,1,1,70,16,1.0,25.0,0.5,1568,0.696,1.119,1,박미희,4,180.78094427444145,84.92023921312824,4,2019-06-04T15:43:28,4,False
465,1,1,71,16,1.0,17.0,1.0,1562,0.685,1.123,1,손현,2,170.2611511884192,62.55414159024008,5,2019-06-04T15:43:28,36,False
0,1,1,86,12,4.0,29.0,0.0,1783,0.703,0.9840000000000001,1,안혜진,3,165.5279265881231,101.21929511880396,5,2019-06-04T15:43:28,64,False
675,1,1,87,12,4.0,30.0,0.0,1762,0.718,0.996,1,장영은,1,187.64503667725924,59.084203989912524,2,2019-06-04T15:43:28,63,False
0,2,1,70,11,4.0,22.0,1.0,1445,0.722,1.214,1,최홍석,2,158.1137378387223,90.38176786698013,6,2019-06-04T15:43:28,51,False
729,2,1,72,11,4.0,21.0,1.0,1489,0.6859999999999999,1.179,1,이영주,3,159.41956410146415,93.02804175597714,2,2019-06-04T15:43:28,24,False
0,1,1,77,18,1.0,25.0,0.5,1604,0.7809999999999999,1.094,1,김연견,2,172.5508846233925,89.09471456027526,2,2019-06-04T15:43:28,100,True
883,1,1,79,18,1.0,27.0,0.5,1569,0.7809999999999999,1.1179999999999999,1,이고은,3,164.6780445804571,116.53797096553389,4,2019-06-04T15:43:28,66,False
0,1,1,81,11,4.0,28.0,0.0,1750,0.67,1.003,1,이재영,3,156.3546573032117,112.6257429529639,3,2019-06-04T15:43:28,38,False
766,1,1,83,11,4.0,29.0,0.0,1744,0.67,1.006,1,곽명우,4,160.823390260867,69.901827174377,4,2019-06-04T15:43:28,17,False
0,1,1,62,12,4.0,17.0,0.5,1525,0.732,1.151,1,김나희,3,155.420766078413,60.686764471045876,6,2019-06-04T15:43:28,86,True
881,1,1,65,12,4.0,17.0,0.5,1520,0.6990000000000001,1.155,1,강수희,1,184.17440565842523,95.78698381345961,4,2019-06-04T15:43:28,34,False
0,2,1,76,12,3.0,27.0,0.5,1315,0.698,1.335,1,주상용,1,163.56356667143456,49.79436156969525,3,2019-06-04T15:43:28,77,True
558,2,1,78,12,3.0,20.0,0.5,1339,0.6890000000000001,1.311,1,유광우,1,168.4714126785366,83.44425407593123,1,2019-06-04T15:43:28,59,False
0,2,1,73,13,2.0,23.0,0.5,1536,0.725,1.1420000000000001,1,하종화,3,162.40010276678538,106.41504955004525,1,2019-06-04T15:43:28,39,False
504,2,1,75,13,2.0,28.0,0.5,1520,0.708,1.155,1,지정희,3,160.33451777908664,116.26341443949141,2,2019-06-04T15:43:28,47,False
0,2,1,76,12,1.0,27.0,0.5,1316,0.727,1.3330000000000002,1,이시우,2,155.16343703410254,51.04507618922071,1,2019-06-04T15:43:28,13,False
570,2,1,78,12,1.0,27.0,1.0,1309,0.7090000000000001,1.341,1,한지현,1,155.87823877002293,76.56975684543889,6,2019-06-04T15:43:28,70,True
0,2,1,73,12,3.0,27.0,0.5,1425,0.769,1.232,1,시은미,4,155.30410909704167,101.9766292003496,2,2019-06-04T15:43:28,80,True
616,2,1,75,12,3.0,28.0,0.5,1407,0.77,1.247,1,이다영,2,174.10490597709375,107.34501083586485,1,2019-06-04T15:43:28,28,False
0,1,1,73,20,2.0,30.0,0.0,1842,0.758,0.953,1,강소휘,1,184.21442589270916,94.36171879808887,4,2019-06-04T15:43:28,78,True
576,1,1,74,20,2.0,30.0,0.0,1806,0.759,0.972,1,송명근,2,158.6534945525797,83.07860237680308,4,2019-06-04T15:43:28,50,False
1345,1,1,76,20,2.0,30.0,0.0,1823,0.7390000000000001,0.963,1,장소연,1,177.84152105920688,99.44735454217745,1,2019-06-04T15:43:28,72,True
1927,1,1,78,20,2.0,29.0,0.0,1826,0.7340000000000001,0.961,1,구기란,4,189.88808651175688,66.21181262742208,1,2019-06-04T15:43:28,11,False
0,2,1,67,14,4.0,30.0,0.0,1508,0.794,1.1640000000000001,1,조송화,1,156.23257692163847,90.35068875306158,6,2019-06-04T15:43:28,27,False
1422,2,1,71,14,4.0,26.0,0.5,1529,0.7879999999999999,1.147,1,장윤창,1,186.2052855999084,57.29288786160532,6,2019-06-04T15:43:28,12,False
0,2,1,81,15,2.0,28.0,0.0,1486,0.754,1.181,1,문명화,4,174.18135653633024,54.47014048167898,6,2019-06-04T15:43:28,40,False
733,2,1,83,15,2.0,29.0,0.0,1482,0.7509999999999999,1.1840000000000002,1,양성만,4,161.43444525489733,67.19560533357648,6,2019-06-04T15:43:28,56,False
1713,2,1,85,15,2.0,30.0,0.0,1488,0.741,1.18,1,김정호,1,161.84840654114126,80.55590816078954,1,2019-06-04T15:43:28,79,True
0,2,1,76,14,3.0,25.0,1.0,1409,0.715,1.246,1,강만수,4,183.85750383263832,103.90694411040141,3,2019-06-04T15:43:28,77,True
595,2,1,78,14,3.0,15.0,2.0,1401,0.7,1.253,1,차희선,2,166.7576355148508,97.97161426140286,5,2019-06-04T15:43:28,14,False
0,2,1,73,11,4.0,30.0,0.0,1475,0.726,1.19,1,김희진,3,151.72473240079907,111.37224117372989,2,2019-06-04T15:43:28,35,False
647,2,1,74,11,4.0,30.0,0.0,1517,0.705,1.157,1,곽승석,1,164.5386279178358,90.12539515140914,6,2019-06-04T15:43:28,77,True
0,2,1,86,16,3.0,30.0,0.0,1293,0.747,1.357,1,전새얀,2,154.99879205903494,78.81290314447568,1,2019-06-04T15:43:28,64,False
597,2,1,88,16,3.0,30.0,0.0,1295,0.7440000000000001,1.355,1,김세영,1,150.24183013902575,82.55650611762536,4,2019-06-04T15:43:28,67,False
0,1,1,70,16,3.0,29.0,0.5,1463,0.7490000000000001,1.2,1,이경석,2,169.1843018888249,101.94982256170286,5,2019-06-04T15:43:28,87,True
472,1,1,71,16,3.0,27.0,0.5,1479,0.75,1.187,1,전병선,4,179.2932800682741,99.09455205457152,6,2019-06-04T15:43:28,18,False
0,2,1,74,12,3.0,29.0,0.0,1344,0.7390000000000001,1.306,1,송인석,1,175.09417761228195,49.164690856103846,4,2019-06-04T15:43:28,51,False
472,2,1,75,12,3.0,29.0,0.0,1338,0.747,1.3119999999999998,1,김혜선,3,176.96258980923272,58.318991887112595,3,2019-06-04T15:43:28,36,False
1192,2,1,77,12,3.0,29.0,0.0,1344,0.74,1.306,1,이다영,2,164.3824650289385,109.7434301405289,3,2019-06-04T15:43:28,41,False
0,1,1,79,18,1.0,29.0,0.0,1644,0.7290000000000001,1.067,1,김요한,3,152.56624540009122,108.17752597431507,5,2019-06-04T15:43:28,5,False
851,1,1,81,18,1.0,29.0,0.5,1654,0.72,1.061,1,김지수,1,170.9643068254674,59.24941692960503,3,2019-06-04T15:43:28,49,False
1042,1,1,81,18,1.0,29.0,0.5,1647,0.7170000000000001,1.0659999999999998,1,김진희,1,180.50640314541562,104.04155747463857,2,2019-06-04T15:43:28,16,False
2153,1,1,84,18,1.0,29.0,0.5,1668,0.6940000000000001,1.052,1,곽유화,1,184.95945294398518,60.55980421058677,4,2019-06-04T15:43:28,6,False
2639,1,1,86,18,1.0,30.0,0.5,1670,0.669,1.051,1,정대영,4,163.2137548204192,63.12325236035397,5,2019-06-04T15:43:28,94,True
0,2,1,76,16,1.0,28.0,0.0,1346,0.762,1.304,1,장영기,3,158.41048129833598,50.846619637015316,3,2019-06-04T15:43:28,79,True
1140,2,1,79,16,1.0,29.0,0.0,1354,0.7390000000000001,1.297,1,강성형,3,184.7370757170519,94.17488991720764,5,2019-06-04T15:43:28,26,False
0,2,1,78,18,1.0,30.0,0.0,1440,0.6659999999999999,1.219,1,진준택,1,156.50510147394624,45.68548647955764,5,2019-06-04T15:43:28,98,True
737,2,1,80,18,1.0,30.0,0.0,1436,0.6629999999999999,1.222,1,강만수,3,154.01022532363265,90.52273187039816,4,2019-06-04T15:43:28,61,False
1591,2,1,82,18,1.0,29.0,0.0,1442,0.644,1.217,1,이진화,4,165.76599989726353,47.69630246936144,4,2019-06-04T15:43:28,14,False
0,2,1,65,12,2.0,30.0,0.5,1340,0.754,1.3090000000000002,1,강만수,2,159.94801645965055,77.27504230019329,4,2019-06-04T15:43:28,0,False
679,2,1,67,12,2.0,25.0,0.0,1331,0.7609999999999999,1.318,1,하혜진,1,177.79854081485078,91.41025950925436,4,2019-06-04T15:43:28,26,False
0,2,1,78,12,3.0,29.0,0.0,1475,0.731,1.19,1,오현미,1,179.80084770438071,104.61668109569223,6,2019-06-04T15:43:28,70,True
1006,2,1,81,12,3.0,28.0,0.5,1495,0.687,1.1740000000000002,1,김상우,2,179.3894495081241,111.54939574062786,2,2019-06-04T15:43:28,0,False
0,2,1,70,11,4.0,29.0,0.5,1295,0.748,1.355,1,노재욱,1,187.43968847143938,72.20497667338381,3,2019-06-04T15:43:28,64,False
539,2,1,71,11,4.0,28.0,0.5,1284,0.741,1.367,1,이선구,2,179.55558972637994,107.16013262190518,3,2019-06-04T15:43:28,0,False
0,1,1,74,18,2.0,30.0,0.0,1636,0.68,1.073,1,이형두,1,164.66379754403567,76.01487695097966,6,2019-06-04T15:43:28,39,False
1146,1,1,78,18,2.0,27.0,0.0,1645,0.6629999999999999,1.067,1,마낙길,1,162.63606289330093,79.89400676107658,1,2019-06-04T15:43:28,80,True
0,1,1,74,18,2.0,28.0,0.5,1659,0.7390000000000001,1.058,1,박삼용,1,157.50024634325882,59.39569732450611,5,2019-06-04T15:43:28,46,False
636,1,1,75,18,2.0,30.0,0.5,1651,0.737,1.063,1,김종민,4,166.5500379223776,88.84468615262196,1,2019-06-04T15:43:28,43,False
0,2,1,73,16,2.0,29.0,0.0,1123,0.7859999999999999,1.5630000000000002,1,조혜정,3,165.64300698459488,58.99433851097898,6,2019-06-04T15:43:28,14,False
846,2,1,75,16,2.0,28.0,0.0,1106,0.767,1.587,1,장소연,1,153.63135640316744,70.39449724856334,2,2019-06-04T15:43:28,36,False
0,2,1,67,16,1.0,29.0,0.5,1337,0.7659999999999999,1.3119999999999998,1,이형두,1,156.8450228007666,116.01731474969827,1,2019-06-04T15:43:28,12,False
403,2,1,68,16,1.0,29.0,0.5,1344,0.733,1.305,1,강혜미,3,182.81428832736654,63.68055938519997,6,2019-06-04T15:43:28,60,False
0,2,1,76,16,3.0,26.0,0.5,1391,0.705,1.262,1,장윤창,2,164.99456324715524,77.08155191946082,1,2019-06-04T15:43:28,2,False
793,2,1,78,16,3.0,27.0,0.5,1393,0.69,1.26,1,강혜미,4,171.37782217120028,115.04964810753633,5,2019-06-04T15:43:28,99,True
1655,2,1,81,16,3.0,25.0,0.5,1396,0.687,1.2570000000000001,1,채선아,2,167.05609764666903,74.7027879530861,1,2019-06-04T15:43:28,64,False
0,2,1,65,18,2.0,30.0,0.0,1277,0.812,1.374,1,안혜진,2,172.54004625592705,79.9016548143315,3,2019-06-04T15:43:28,72,True
1022,2,1,68,18,2.0,29.0,0.0,1290,0.795,1.361,1,이지영,2,180.76691067097929,97.11791238082832,5,2019-06-04T15:43:28,84,True
0,2,1,69,16,3.0,29.0,0.0,1380,0.8190000000000001,1.272,1,유광우,4,151.34335002988928,60.989334292234346,3,2019-06-04T15:43:28,71,True
665,2,1,71,16,3.0,28.0,0.0,1390,0.81,1.262,1,진현우,4,182.52829817714115,69.17991035468191,3,2019-06-04T15:43:28,2,False
0,2,1,89,18,2.0,30.0,0.0,1715,0.746,1.023,1,나혜원,4,173.74543778170425,102.73829954327873,6,2019-06-04T15:43:28,74,True
561,2,1,91,18,2.0,30.0,0.0,1714,0.741,1.024,1,공윤희,4,183.8230567745902,105.68806801549016,3,2019-06-04T15:43:28,62,False
1553,2,1,93,18,2.0,29.0,0.0,1744,0.723,1.006,1,정성환,3,157.56589841198314,99.10083834307419,3,2019-06-04T15:43:28,56,False
0,1,1,77,16,1.0,30.0,0.0,1704,0.716,1.03,1,이용택,4,157.5937015334675,118.14266529930757,4,2019-06-04T15:43:28,32,False
683,1,1,79,16,1.0,30.0,0.5,1722,0.708,1.0190000000000001,1,허수봉,2,186.55322758045384,77.36760328212284,1,2019-06-04T15:43:28,52,False
0,2,1,68,16,3.0,30.0,0.0,1298,0.799,1.3519999999999999,1,김민지,4,186.24144001808781,51.542629841618684,5,2019-06-04T15:43:28,14,False
1707,2,1,73,16,3.0,29.0,0.5,1287,0.7709999999999999,1.364,1,신진식,4,181.058571985981,85.76059678244366,2,2019-06-04T15:43:28,82,True
0,2,1,80,15,2.0,20.0,1.0,1732,0.685,1.013,1,유서연,4,167.56423690268548,65.85828433104521,3,2019-06-04T15:43:28,41,False
525,2,1,82,15,2.0,20.0,1.0,1729,0.698,1.015,1,신진식,3,159.68062603149406,104.70926132193313,1,2019-06-04T15:43:28,4,False
0,2,1,77,13,2.0,29.0,0.0,1351,0.769,1.2990000000000002,1,곽승석,1,161.23250772531583,67.89248438459033,1,2019-06-04T15:43:28,6,False
440,2,1,78,13,2.0,29.0,0.0,1334,0.769,1.3159999999999998,1,한수진,3,164.43635385678326,114.85777928832184,5,2019-06-04T15:43:28,61,False
1204,2,1,80,13,2.0,28.0,0.0,1337,0.762,1.3130000000000002,1,오지영,4,153.97973407742555,103.05713569536728,4,2019-06-04T15:43:28,33,False
1806,2,1,82,13,2.0,30.0,0.0,1342,0.747,1.307,1,이다영,1,174.16017198440386,76.57294160632402,2,2019-06-04T15:43:28,65,False
0,2,1,81,13,2.0,29.0,0.0,1345,0.737,1.305,1,이은아,1,156.13982201413572,75.79675974433562,1,2019-06-04T15:43:28,27,False
674,2,1,83,13,2.0,30.0,0.0,1335,0.732,1.314,1,백목화,2,151.0523264875914,66.71354150866549,1,2019-06-04T15:43:28,84,True
0,2,1,73,12,3.0,30.0,0.5,1343,0.72,1.306,1,박슬기,2,150.54069142091763,106.67553775119701,4,2019-06-04T15:43:28,13,False
518,2,1,75,12,3.0,27.0,1.0,1357,0.7140000000000001,1.2930000000000001,1,조철희,4,174.85244067188245,46.59166383797596,5,2019-06-04T15:43:28,97,True
0,2,1,66,18,2.0,29.0,0.0,1191,0.785,1.474,1,한은지,1,176.7569335310812,66.56599910397225,4,2019-06-04T15:43:28,51,False
790,2,1,68,18,2.0,29.0,0.0,1194,0.772,1.469,1,이주아,2,175.00331256949136,52.943541242331705,3,2019-06-04T15:43:28,64,False
1329,2,1,69,18,2.0,29.0,0.0,1202,0.77,1.4609999999999999,1,장준호,2,185.1006293033708,54.46349062811321,5,2019-06-04T15:43:28,49,False
0,2,1,75,18,1.0,29.0,0.0,1436,0.75,1.222,1,유서연,2,183.10771292296434,57.569701209145556,4,2019-06-04T15:43:28,66,False
791,2,1,77,18,1.0,28.0,0.0,1559,0.713,1.125,1,오정록,4,187.96350360945536,83.0719008882539,6,2019-06-04T15:43:28,38,False
0,2,1,78,18,1.0,30.0,0.0,1243,0.748,1.412,1,안혜진,1,172.93440638165865,65.39342607475568,6,2019-06-04T15:43:28,87,True
777,2,1,81,18,1.0,30.0,0.0,1256,0.7390000000000001,1.3980000000000001,1,김상우,1,187.0335384395772,76.77473345852097,5,2019-06-04T15:43:28,66,False
0,2,1,73,12,2.0,19.0,1.0,1274,0.728,1.3769999999999998,1,이효희,3,150.29264100453264,81.42851351870881,4,2019-06-04T15:43:28,92,True
764,2,1,75,12,2.0,18.0,1.0,1479,0.657,1.187,1,장영기,1,182.45478186787088,115.77567792016303,5,2019-06-04T15:43:28,61,False
0,2,1,73,15,4.0,29.0,0.0,1272,0.6970000000000001,1.38,1,김세진,4,189.6555716897573,90.86405459551418,3,2019-06-04T15:43:28,94,True
1399,2,1,76,15,4.0,29.0,0.0,1281,0.68,1.37,1,김남성,3,188.08587723909645,92.48955340524901,5,2019-06-04T15:43:28,32,False
0,2,1,73,14,3.0,29.0,0.5,1238,0.757,1.4180000000000001,1,황택의,4,150.75160813140587,67.01015838737717,5,2019-06-04T15:43:28,27,False
759,2,1,76,14,3.0,28.0,0.5,1236,0.764,1.419,1,강수희,2,166.71442513958974,50.93640717907969,4,2019-06-04T15:43:28,49,False
0,1,1,76,12,1.0,27.0,0.5,1557,0.705,1.127,1,김미연,3,163.14951054746206,65.07369449360826,1,2019-06-04T15:43:28,78,True
552,1,1,78,12,1.0,29.0,1.0,1569,0.7040000000000001,1.119,1,이기범,2,175.85160292343835,117.09753773299241,2,2019-06-04T15:43:28,0,False
0,1,1,77,16,1.0,29.0,0.0,1818,0.7340000000000001,0.965,1,김정훈,3,158.24025059133012,72.39154901295501,2,2019-06-04T15:43:28,62,False
454,1,1,79,16,1.0,30.0,0.0,1817,0.736,0.966,1,김예지,2,157.70898086442972,45.53349010246658,1,2019-06-04T15:43:28,43,False
1033,1,1,80,16,1.0,29.0,0.0,1830,0.7240000000000001,0.9590000000000001,1,박상하,4,185.6777212600728,57.396222979162985,3,2019-06-04T15:43:28,23,False
0,1,1,82,14,2.0,23.0,0.5,1514,0.6779999999999999,1.159,1,박원빈,4,186.72454999422493,101.64921830312778,6,2019-06-04T15:43:28,26,False
621,1,1,84,14,2.0,22.0,0.5,1550,0.665,1.1320000000000001,1,김남성,3,166.67233283606285,57.06620688064837,6,2019-06-04T15:43:28,32,False
0,1,1,77,20,1.0,23.0,1.0,1713,0.7559999999999999,1.024,1,최홍석,2,174.92412496644624,60.687108255698384,4,2019-06-04T15:43:28,56,False
580,1,1,79,20,1.0,25.0,2.0,1710,0.76,1.026,1,장소연,2,181.3986429045851,84.52746452010967,1,2019-06-04T15:43:28,58,False
0,1,1,78,12,3.0,23.0,1.0,1491,0.71,1.177,1,고영남,1,186.04657832660084,55.02341780357004,1,2019-06-04T15:43:28,90,True
736,1,1,80,12,3.0,17.0,1.0,1755,0.696,1.0,1,이나연,3,188.49096842165983,115.0281017192516,1,2019-06-04T15:43:28,19,False
0,2,1,71,18,1.0,30.0,0.0,1426,0.731,1.2309999999999999,1,이강원,1,176.21217266091804,74.75851880203844,3,2019-06-04T15:43:28,43,False
691,2,1,73,18,1.0,30.0,0.0,1414,0.7390000000000001,1.2409999999999999,1,백승헌,1,182.68404112352567,96.54244365551752,4,2019-06-04T15:43:28,9,False
0,1,1,76,16,3.0,30.0,0.0,1832,0.769,0.958,1,구기란,4,183.08717336737502,83.95686451612721,2,2019-06-04T15:43:28,90,True
493,1,1,77,16,3.0,30.0,0.0,1820,0.768,0.9640000000000001,1,이성희,3,171.2902135222983,96.41365990805662,1,2019-06-04T15:43:28,59,False
1695,1,1,81,16,3.0,30.0,0.0,1836,0.7440000000000001,0.956,1,변명진,1,163.94073632120558,101.75248534018667,3,2019-06-04T15:43:28,54,False
0,1,1,75,16,1.0,30.0,0.5,1891,0.7090000000000001,0.9279999999999999,1,박기원,4,165.24530225993,118.67194485439553,3,2019-06-04T15:43:28,31,False
1212,1,1,79,16,1.0,29.0,0.5,1899,0.7,0.924,1,유희옥,1,173.64887651479185,65.19046709889778,6,2019-06-04T15:43:28,28,False
0,1,1,60,12,4.0,30.0,0.0,1379,0.8059999999999999,1.273,1,염혜선,2,151.25421208423472,104.43341335591589,4,2019-06-04T15:43:28,91,True
695,1,1,62,12,4.0,30.0,0.0,1378,0.795,1.274,1,장영기,1,178.56724050966756,65.8245893746985,4,2019-06-04T15:43:28,38,False
1555,1,1,64,12,4.0,30.0,0.0,1370,0.794,1.281,1,김형진,3,186.45813403581093,77.24949363051955,4,2019-06-04T15:43:28,24,False
0,1,1,70,16,4.0,26.0,0.5,1796,0.742,0.977,1,이나연,2,175.2931430760019,61.20160301169585,4,2019-06-04T15:43:28,52,False
700,1,1,72,16,4.0,28.0,0.5,1796,0.732,0.977,1,이민욱,1,181.9311994551595,117.47584249973502,2,2019-06-04T15:43:28,57,False
1343,1,1,73,16,4.0,28.0,0.5,1803,0.731,0.973,1,임도헌,3,188.6180063135621,61.69241757315755,3,2019-06-04T15:43:28,48,False
0,1,1,84,16,2.0,30.0,0.0,1404,0.71,1.25,1,정성현,3,179.85699133892695,117.46997205122248,6,2019-06-04T15:43:28,66,False
774,1,1,87,16,2.0,30.0,0.0,1398,0.696,1.255,1,강수희,3,169.29053300875836,55.088782639897545,2,2019-06-04T15:43:28,6,False
1631,1,1,89,16,2.0,30.0,0.5,1408,0.679,1.246,1,양유나,4,166.9555853110014,100.9064732646215,3,2019-06-04T15:43:28,90,True
0,1,1,68,14,3.0,26.0,0.0,1444,0.778,1.216,1,이지영,2,186.31880867526712,54.912856461787484,2,2019-06-04T15:43:28,19,False
665,1,1,70,14,3.0,28.0,0.0,1510,0.77,1.162,1,변명진,4,163.9466253769144,109.73687054973948,5,2019-06-04T15:43:28,12,False
0,2,1,89,14,2.0,29.0,0.0,1509,0.7559999999999999,1.163,1,이소영,3,173.68598274472606,65.48302799757842,4,2019-06-04T15:43:28,55,False
600,2,1,90,14,2.0,28.0,0.0,1495,0.746,1.1740000000000002,1,문종혁,2,180.07998096801649,51.74265750445609,5,2019-06-04T15:43:28,99,True
1447,2,1,93,14,2.0,30.0,0.0,1488,0.735,1.179,1,이숙자,1,150.06936021742823,113.71321144833621,3,2019-06-04T15:43:28,3,False
0,1,1,79,20,1.0,26.0,0.5,1548,0.711,1.1340000000000001,1,고영남,1,189.58533645220015,90.62018949285482,2,2019-06-04T15:43:28,65,False
652,1,1,81,20,1.0,26.0,0.5,1556,0.691,1.128,1,손현,2,180.52757703653327,62.33803272450757,1,2019-06-04T15:43:28,58,False
0,2,1,74,12,1.0,26.0,0.5,1171,0.733,1.499,1,송인석,3,169.06622329233153,94.77999120135803,4,2019-06-04T15:43:28,46,False
539,2,1,75,12,1.0,27.342318059299192,1.0,1169,0.742,1.501,1,정민정,4,159.6528389788539,99.45839512361763,3,2019-06-04T15:43:28,34,False
1107,2,1,77,12,1.0,27.342318059299192,1.0,1159,0.733,1.515,1,김민주,4,161.2502014146379,67.61747605324965,4,2019-06-04T15:43:28,22,False
0,1,1,73,12,1.0,23.0,0.5,1661,0.698,1.056,1,한송이,2,184.01811241327226,111.8630435783657,2,2019-06-04T15:43:28,79,True
776,1,1,75,12,1.0,20.0,0.5,1654,0.696,1.061,1,주예나,2,155.31390164387062,56.05412765984823,1,2019-06-04T15:43:28,83,True
0,2,1,66,13,2.0,30.0,0.0,1495,0.746,1.1740000000000002,1,이진화,4,165.5003177504401,71.20625545033137,1,2019-06-04T15:43:28,16,False
182,2,1,66,13,2.0,30.0,0.0,1506,0.74,1.165,1,양효진,1,150.80375484127316,95.87872420003816,1,2019-06-04T15:43:28,44,False
732,2,1,68,13,2.0,30.0,0.0,1506,0.74,1.165,1,이숙자,4,152.5204662730144,103.33712544235335,1,2019-06-04T15:43:28,44,False
2107,2,1,72,13,2.0,30.0,0.0,1510,0.723,1.162,1,이정철,1,188.17915248417322,90.10004285343675,5,2019-06-04T15:43:28,68,False
0,2,1,72,16,3.0,24.0,0.5,1354,0.733,1.296,1,이강주,2,170.87293800517722,80.40923803078394,2,2019-06-04T15:43:28,79,True
553,2,1,73,16,3.0,21.0,1.0,1351,0.708,1.2990000000000002,1,문종혁,4,153.00328384408095,60.816389969064964,1,2019-06-04T15:43:28,31,False
0,1,1,80,16,1.0,28.0,0.5,1704,0.711,1.03,1,김상우,3,182.15562937275712,97.17310177835589,4,2019-06-04T15:43:28,69,False
842,1,1,82,16,1.0,28.0,0.5,1693,0.6940000000000001,1.037,1,김연경,3,185.57957854881343,79.7270236387219,4,2019-06-04T15:43:28,8,False
2297,1,1,86,16,1.0,26.0,0.5,1688,0.675,1.04,1,배유나,1,181.8865009741773,94.26983954366402,4,2019-06-04T15:43:28,2,False
0,2,1,61,13,2.0,30.0,0.0,1319,0.8009999999999999,1.331,1,김호철,2,155.13876276584946,84.62326319544535,4,2019-06-04T15:43:28,75,True
763,2,1,63,13,2.0,30.0,0.0,1327,0.7959999999999999,1.3230000000000002,1,이지석,1,184.97668429664202,107.16793920913092,5,2019-06-04T15:43:28,67,False
1608,2,1,65,13,2.0,30.0,0.0,1333,0.8009999999999999,1.317,1,한지현,4,162.13600687053548,51.796082114885856,1,2019-06-04T15:43:28,12,False
