1,김선영,2,27,3,182.4034502159945,114.04661927752717,2,2019-06-04T15:43:28,54,False
1,조송화,2,65,1,164.24904233586935,107.394483895394,3,2019-06-04T15:43:28,48,False
1,나현정,2,57,2,152.13911588907123,73.28924764202958,4,2019-06-04T15:43:28,29,False
1,장광균,1,22,1,187.13930997283478,54.59128112315548,2,2019-06-04T15:43:28,18,False
1,임명옥,2,22,4,175.2716480198824,108.42007909041335,4,2019-06-04T15:43:28,94,True
1,백목화,2,54,1,161.72476880125208,78.60845159979868,1,2019-06-04T15:43:28,98,True
1,지민경,2,69,3,172.47533411020478,90.32946445067967,5,2019-06-04T15:43:28,87,True
1,이강원,1,65,3,165.71840275074666,78.07372834246723,2,2019-06-04T15:43:28,63,False
1,공윤희,2,60,4,157.65624722294785,92.60929601378835,2,2019-06-04T15:43:28,59,False
1,박슬기,2,87,2,166.03410235986073,65.61568223730022,1,2019-06-04T15:43:28,63,False
1,서재덕,1,86,2,152.14159736507463,102.13996291563647,5,2019-06-04T15:43:28,82,True
1,나현정,2,71,2,150.26556338721318,67.6260746844445,1,2019-06-04T15:43:28,50,False
1,김선영,2,93,4,171.0690580152127,102.62273257548858,5,2019-06-04T15:43:28,50,False
1,석진욱,1,86,2,155.34364728147148,87.3375798978087,2,2019-06-04T15:43:28,64,False
1,강혜미,2,47,3,186.94824651731776,110.38168646584748,1,2019-06-04T15:43:28,25,False
1,김동근,1,88,3,177.55663345221916,98.8712409949874,1,2019-06-04T15:43:28,52,False
1,정시영,2,28,3,171.0491671527122,57.231739872291165,6,2019-06-04T15:43:28,80,True
1,한지현,2,25,1,178.77860130112467,64.43590348950006,4,2019-06-04T15:43:28,11,False
1,후인정,1,71,3,184.8019932904858,52.01341404305754,5,2019-06-04T15:43:28,80,True
1,여오현,1,85,4,176.67732196462282,67.34769040659015,5,2019-06-04T15:43:28,33,False
1,정평호,1,98,1,156.35680649597603,63.900225864154656,4,2019-06-04T15:43:28,13,False
1,여오현,1,36,2,167.62849799091987,73.9571381504442,2,2019-06-04T15:43:28,40,False
1,전새얀,2,75,4,180.95700792265913,45.0126614129668,2,2019-06-04T15:43:28,69,False
1,강동진,1,74,2,184.2097361621969,100.94265543005574,3,2019-06-04T15:43:28,97,True
1,장광균,1,40,4,156.2287225599063,100.23593101644026,4,2019-06-04T15:43:28,36,False
1,박상하,1,58,4,159.88744977313763,67.01901625764032,6,2019-06-04T15:43:28,43,False
1,송인석,1,49,3,170.53856545104568,49.91141695987465,6,2019-06-04T15:43:28,59,False
1,차상현,1,46,2,188.12892547949673,73.84262444669776,4,2019-06-04T15:43:28,37,False
1,한상길,1,28,4,175.92184099357996,107.33021411388404,1,2019-06-04T15:43:28,27,False
1,이고은,2,64,2,167.7600288559997,70.54619435886086,5,2019-06-04T15:43:28,24,False
1,이도희,2,82,2,161.07022766314975,110.2276413354176,3,2019-06-04T15:43:28,22,False
1,강웅,1,51,4,178.63078219960246,109.64138875676679,6,2019-06-04T15:43:28,58,False
1,최홍석,1,65,3,151.60335030556303,64.95486833609777,4,2019-06-04T15:43:28,21,False
1,공윤희,2,63,1,155.4436297329828,104.45746135614519,1,2019-06-04T15:43:28,92,True
1,이나연,2,66,4,185.88184609837458,114.0892414685853,2,2019-06-04T15:43:28,36,False
1,신진식,1,37,1,162.24384651518452,103.06050774365568,6,2019-06-04T15:43:28,86,True
1,신영석,1,43,1,186.00903623224707,98.58049796828894,6,2019-06-04T15:43:28,74,True
1,송병일,1,89,2,185.14739770854956,65.22411540778968,1,2019-06-04T15:43:28,77,True
1,서재덕,1,67,1,165.54845370387443,69.25673561855626,5,2019-06-04T15:43:28,32,False
1,하준임,2,54,2,169.8208798837965,107.29864112365249,6,2019-06-04T15:43:28,89,True
1,장영은,2,26,1,163.2296280249645,65.41692412798645,4,2019-06-04T15:43:28,13,False
1,이숙자,2,38,3,185.38919646412356,93.38449244304638,1,2019-06-04T15:43:28,45,False
1,권영민,1,42,4,150.69081194517597,84.6070699890057,3,2019-06-04T15:43:28,48,False
1,박슬기,2,61,1,162.82074649229781,58.647480467503925,3,2019-06-04T15:43:28,58,False
1,황연주,2,79,3,151.78680508638095,94.3697343020749,5,2019-06-04T15:43:28,68,False
1,유희옥,2,75,3,187.38676995565555,46.5023253072009,3,2019-06-04T15:43:28,87,True
1,이철규,1,56,2,158.01264062937736,99.6603449937661,6,2019-06-04T15:43:28,64,False
1,김철홍,1,85,3,171.83195707420649,93.09479203810433,5,2019-06-04T15:43:28,40,False
1,임유진,2,67,4,173.2314533433051,98.1547094363381,3,2019-06-04T15:43:28,65,False
1,이진화,2,66,3,164.10729867926173,95.89948707317248,5,2019-06-04T15:43:28,30,False
1,곽유화,2,59,1,182.3607675619637,76.72450459019309,6,2019-06-04T15:43:28,99,True
1,김지수,2,68,4,187.5534600996242,99.80199614397326,4,2019-06-04T15:43:28,78,True
1,박슬기,2,94,3,161.28438307303028,83.81144987685532,6,2019-06-04T15:43:28,47,False
1,후인정,1,37,1,170.33669190513325,109.1583308605777,4,2019-06-04T15:43:28,78,True
1,박미희,2,86,1,183.49816299736182,57.3206481227058,3,2019-06-04T15:43:28,59,False
1,문종혁,1,97,2,184.75068087391213,70.37047818505539,1,2019-06-04T15:43:28,25,False
1,이혜린,2,18,2,172.24365397560155,72.1454817167188,2,2019-06-04T15:43:28,51,False
1,이아청,2,70,4,155.2465068251618,90.13529956006717,2,2019-06-04T15:43:28,53,False
1,이도희,2,93,4,172.99621962885172,98.44843192657103,4,2019-06-04T15:43:28,91,True
1,정민정,2,27,3,182.0575483747025,93.28535492055943,6,2019-06-04T15:43:28,41,False
1,이원중,1,60,2,169.39800888359747,112.92076028353861,3,2019-06-04T15:43:28,59,False
1,박원빈,1,89,1,162.46519950340783,47.271004288327646,5,2019-06-04T15:43:28,27,False
1,김상우,1,88,3,169.48798260896714,67.06235742256558,4,2019-06-04T15:43:28,70,True
1,이강원,1,98,3,156.3554395465438,74.07422972751434,4,2019-06-04T15:43:28,52,False
1,강호경,1,47,3,164.1351956080725,108.11938761413455,2,2019-06-04T15:43:28,96,True
1,하혜진,2,37,1,155.38380173896175,73.99009730496155,2,2019-06-04T15:43:28,37,False
1,이소라,2,90,2,181.19825643755487,71.62270771190539,2,2019-06-04T15:43:28,56,False
1,김연견,2,62,3,176.5371367895271,84.46093311537203,1,2019-06-04T15:43:28,72,True
1,노금란,2,90,4,171.481296178627,86.901631476304,4,2019-06-04T15:43:28,2,False
1,고예림,2,33,2,185.39799300331933,94.9184213371349,6,2019-06-04T15:43:28,27,False
1,허수봉,1,65,2,165.23343368130392,76.59330170360414,3,2019-06-04T15:43:28,44,False
1,김선영,2,56,1,154.48997056498104,81.49033646712479,1,2019-06-04T15:43:28,42,False
1,김윤정,2,70,4,187.69483298269233,84.20440230124757,5,2019-06-04T15:43:28,70,True
1,김선영,2,99,3,188.08303978036298,74.16992503859623,3,2019-06-04T15:43:28,42,False
1,최귀동,1,21,2,175.60815404603682,115.8491685987118,6,2019-06-04T15:43:28,23,False
1,강수희,2,30,3,155.62910808735944,50.13295018715361,1,2019-06-04T15:43:28,25,False
1,이다영,2,58,1,174.0347839096162,54.71250633553653,3,2019-06-04T15:43:28,75,True
1,김세진,1,64,4,157.77045668466326,118.66055860196863,6,2019-06-04T15:43:28,5,False
1,이민욱,1,39,4,154.32706841858388,59.56054793976438,3,2019-06-04T15:43:28,52,False
1,김유리,2,74,3,175.37134472335546,50.72600102873094,2,2019-06-04T15:43:28,43,False
1,김해란,2,78,2,161.18688676059358,78.53196582393542,6,2019-06-04T15:43:28,26,False
1,시은미,2,16,4,164.40895220516884,103.57134688114624,2,2019-06-04T15:43:28,31,False
1,구민정,2,88,3,151.66001053517502,48.008398105461765,1,2019-06-04T15:43:28,0,False
1,박슬기,2,91,2,157.94106654537083,101.60101079964322,1,2019-06-04T15:43:28,95,True
1,김유리,2,92,4,153.36628210772724,116.47094813516614,1,2019-06-04T15:43:28,24,False
1,강호경,1,79,1,182.44857326008594,59.14981988207768,1,2019-06-04T15:43:28,58,False
1,문지원,2,79,1,151.7106838556134,91.9022886664825,3,2019-06-04T15:43:28,19,False
1,강동진,1,76,1,187.25154484171347,53.4892846166075,1,2019-06-04T15:43:28,52,False
1,전병선,1,46,3,168.95140800280973,63.94349083353295,6,2019-06-04T15:43:28,31,False
1,나혜원,2,76,3,158.1273630891178,99.67247942441566,1,2019-06-04T15:43:28,83,True
1,진준택,1,54,3,178.2847242517178,101.38076474416201,6,2019-06-04T15:43:28,27,False
1,황연주,2,15,2,176.64546015071238,94.97788936830784,4,2019-06-04T15:43:28,79,True
1,오지영,2,67,3,176.9912609838958,52.37346510586461,5,2019-06-04T15:43:28,22,False
1,곽명우,1,29,2,172.95012833017688,57.42131538389353,2,2019-06-04T15:43:28,96,True
1,안혜진,2,50,1,168.17865916188015,96.04332345405102,3,2019-06-04T15:43:28,50,False
1,곽승석,1,46,4,187.03987035844364,100.60910226147726,2,2019-06-04T15:43:28,50,False
1,김상우,1,77,4,168.38615181858654,87.80237877078793,5,2019-06-04T15:43:28,62,False
1,주예나,2,51,4,173.94979086294495,114.37160822907018,1,2019-06-04T15:43:28,15,False
1,최윤옥,2,50,2,166.53100653422896,82.27589260381444,1,2019-06-04T15:43:28,34,False
1,전병선,1,91,2,163.36446922097875,61.16420242473058,1,2019-06-04T15:43:28,3,False
1,서재덕,1,86,1,167.44889203787247,66.12491732172927,3,2019-06-04T15:43:28,92,True
1,곽유화,2,21,3,165.75039437790997,86.91875392311493,5,2019-06-04T15:43:28,55,False
1,황택의,1,39,1,171.58184981211554,67.17538162595504,5,2019-06-04T15:43:28,15,False
1,장영기,1,43,1,160.41401547842352,54.69069116371804,1,2019-06-04T15:43:28,14,False
1,오현미,2,26,2,180.63832490069956,101.52285123006017,3,2019-06-04T15:43:28,19,False
1,손주형,1,42,4,150.77181450914802,58.741969803341846,1,2019-06-04T15:43:28,68,False
1,노란,2,75,4,173.95751573960507,80.46561940054357,1,2019-06-04T15:43:28,69,False
1,임효숙,2,47,3,180.0452533093133,81.6752719012786,4,2019-06-04T15:43:28,11,False
1,노란,2,26,1,161.61549100534197,69.31894475061517,4,2019-06-04T15:43:28,36,False
1,이혜린,2,34,2,172.82719864426699,52.76520248433949,4,2019-06-04T15:43:28,91,True
1,하경민,1,88,1,167.07896179387328,98.73896494308568,4,2019-06-04T15:43:28,63,False
1,주예나,2,34,2,160.2542550934819,73.8320797880752,3,2019-06-04T15:43:28,59,False
1,신영철,1,15,4,152.97835768869766,74.55667333082731,3,2019-06-04T15:43:28,61,False
1,이시우,1,59,1,163.3124199856951,88.23158249526762,5,2019-06-04T15:43:28,39,False
1,이효동,1,75,2,185.90996828956725,91.0948670654685,4,2019-06-04T15:43:28,51,False
1,이보람,2,82,3,168.2650751386772,61.69142097912483,3,2019-06-04T15:43:28,29,False
1,이영주,2,75,2,189.81505929519042,67.06383681963723,3,2019-06-04T15:43:28,25,False
1,이강주,1,80,4,156.29840040744904,108.49601622117511,2,2019-06-04T15:43:28,46,False
1,장윤창,1,15,4,173.44924997382932,105.31569814658634,5,2019-06-04T15:43:28,37,False
1,마낙길,1,19,4,156.3498190645244,57.715455723958556,1,2019-06-04T15:43:28,48,False
1,신다영,2,30,2,189.79207877429948,86.65584693746382,3,2019-06-04T15:43:28,51,False
1,이다영,2,50,4,186.88639597751146,80.56796667685208,2,2019-06-04T15:43:28,36,False
1,차지환,1,42,2,161.98381711042353,113.35305107237193,2,2019-06-04T15:43:28,40,False
1,지민경,2,69,3,181.05557188321285,110.54678485998413,6,2019-06-04T15:43:28,59,False
1,이다영,2,62,3,189.9616389842891,101.53772291816736,3,2019-06-04T15:43:28,2,False
1,정대영,2,77,3,181.2208928126268,108.24861158357763,6,2019-06-04T15:43:28,66,False
1,최단아,2,68,1,155.5224178586549,71.09346189195608,3,2019-06-04T15:43:28,68,False
1,문지원,2,96,3,185.08880408665496,116.30551169645985,3,2019-06-04T15:43:28,32,False
1,이민욱,1,57,3,178.14284091355393,63.89738262623544,1,2019-06-04T15:43:28,62,False
1,장윤희,2,48,1,165.48691562803896,51.138455790812934,3,2019-06-04T15:43:28,63,False
1,장윤창,1,81,2,161.12394152423542,81.89792634272882,5,2019-06-04T15:43:28,33,False
1,송병일,1,85,1,164.11178073920212,45.03577487699923,5,2019-06-04T15:43:28,71,True
1,정성현,1,69,2,157.40440579022618,80.18171642955055,3,2019-06-04T15:43:28,30,False
1,양유나,2,80,1,165.60951155441754,68.98833406762046,2,2019-06-04T15:43:28,50,False
1,하혜진,2,45,2,166.02507938502987,95.68707451585296,5,2019-06-04T15:43:28,49,False
1,임효숙,2,69,2,151.92249683249725,50.07304998668727,4,2019-06-04T15:43:28,2,False
1,이은아,2,21,1,184.57408179268828,85.20039327667686,3,2019-06-04T15:43:28,46,False
1,한지현,2,33,3,175.6517562948701,53.10851567129295,2,2019-06-04T15:43:28,34,False
1,구민정,2,75,1,180.50023933682084,119.99461368300905,4,2019-06-04T15:43:28,93,True
1,배유나,2,78,2,174.28893378685746,45.730815967403245,2,2019-06-04T15:43:28,3,False
1,김진희,2,23,2,181.0108436996764,118.24139770872347,6,2019-06-04T15:43:28,81,True
1,이형두,1,36,3,184.94686826952216,105.53868167429707,1,2019-06-04T15:43:28,25,False
1,한은지,2,15,3,167.0779839742457,96.71474026255227,1,2019-06-04T15:43:28,53,False
1,이연주,2,77,2,154.76540450557573,119.50531059444971,2,2019-06-04T15:43:28,67,False
1,이원중,1,15,2,152.61710242606406,82.89013071645402,4,2019-06-04T15:43:28,99,True
1,이은아,2,47,2,185.03412076658958,74.6742522775676,1,2019-06-04T15:43:28,25,False
1,이기범,1,50,4,150.2784506321789,77.08500513655181,4,2019-06-04T15:43:28,9,False
1,손주형,1,15,1,172.90510239553387,73.79997542708821,6,2019-06-04T15:43:28,3,False
1,이지영,2,26,2,181.83778132016974,94.90874468170946,3,2019-06-04T15:43:28,52,False
1,김남성,1,91,3,163.38201071011505,73.57267432019376,5,2019-06-04T15:43:28,40,False
1,장병철,1,27,4,157.2681261630566,105.5900126824221,1,2019-06-04T15:43:28,90,True
1,이주아,2,76,1,170.16903089632237,47.74188837443217,1,2019-06-04T15:43:28,84,True
1,황연주,2,69,2,163.6752663311973,117.07247631409604,4,2019-06-04T15:43:28,48,False
1,이시몬,1,60,2,168.88848970964776,65.47794692687222,1,2019-06-04T15:43:28,87,True
1,김혜선,2,16,3,183.84379749859679,87.76827670723073,4,2019-06-04T15:43:28,67,False
1,송인석,1,79,4,185.1100936507213,108.77101375173669,3,2019-06-04T15:43:28,7,False
1,신영철,1,89,4,184.39457935540446,93.06887328839605,6,2019-06-04T15:43:28,2,False
1,여오현,1,92,4,166.0805884147093,110.85989358969987,4,2019-06-04T15:43:28,11,False
1,배인호,1,53,2,172.61385141226978,112.35484785702258,2,2019-06-04T15:43:28,2,False
1,박정아,2,97,1,154.09980851959332,46.63111502731558,3,2019-06-04T15:43:28,0,False
1,김재영,2,47,1,172.62747454693394,80.65996273362023,4,2019-06-04T15:43:28,56,False
1,손현,2,62,3,185.10194797872566,113.41425240664293,4,2019-06-04T15:43:28,8,False
1,구기란,2,79,1,151.7251296658148,80.65556628584977,1,2019-06-04T15:43:28,33,False
1,김지수,2,98,2,161.79517911953727,116.02630535202577,5,2019-06-04T15:43:28,30,False
1,박상하,1,88,3,157.40651825671355,67.56695200511751,5,2019-06-04T15:43:28,98,True
1,윤혜숙,2,85,1,150.08442605973153,113.97908757418323,6,2019-06-04T15:43:28,69,False
1,허수봉,1,63,2,178.51797518686527,93.65853033532397,1,2019-06-04T15:43:28,49,False
1,김예지,2,95,1,178.91709792623507,71.95180351149706,6,2019-06-04T15:43:28,11,False
1,최윤옥,2,58,2,172.4042120582271,93.81264054593832,3,2019-06-04T15:43:28,44,False
1,유광우,1,58,3,177.51621825993266,116.27935870251422,5,2019-06-04T15:43:28,15,False
1,이성희,1,38,3,186.3925582378431,77.90541080860899,4,2019-06-04T15:43:28,34,False
1,김남성,1,66,4,186.66804870286566,88.80960523144503,6,2019-06-04T15:43:28,77,True
1,이고은,2,25,2,186.73136383442684,45.94113087095648,3,2019-06-04T15:43:28,38,False
1,김희진,2,93,2,157.2775331308821,92.62691868043524,6,2019-06-04T15:43:28,67,False
1,손재홍,1,66,3,163.06020753719253,60.463581021406526,5,2019-06-04T15:43:28,68,False
1,유광우,1,51,3,171.3334420353443,70.63528155973462,2,2019-06-04T15:43:28,45,False
1,노금란,2,66,2,154.7033570020844,59.33919816951278,1,2019-06-04T15:43:28,24,False
1,김세영,2,41,1,173.41286717909097,86.45929174552572,2,2019-06-04T15:43:28,59,False
1,정대영,2,98,2,187.769198060081,100.87513912815633,4,2019-06-04T15:43:28,2,False
1,한송이,2,79,3,184.04235424215793,94.51632676950886,1,2019-06-04T15:43:28,63,False
1,김희진,2,69,3,177.5311512099554,72.88251281678899,4,2019-06-04T15:43:28,54,False
1,이소라,2,93,1,165.4321515648727,90.95093898097701,2,2019-06-04T15:43:28,48,False
1,신영철,1,67,3,181.5478033082424,57.014578784761056,4,2019-06-04T15:43:28,98,True
1,강수희,2,62,2,159.13728040663108,49.57853726465174,1,2019-06-04T15:43:28,78,True
1,최귀동,1,56,4,183.82494216613526,79.79886098168336,3,2019-06-04T15:43:28,13,False
1,노란,2,82,3,151.54897872757783,48.541554326286565,4,2019-06-04T15:43:28,23,False
1,신다영,2,65,4,162.6635909761107,96.75193699349474,1,2019-06-04T15:43:28,12,False
1,김미연,2,95,4,179.3107834363481,112.80264226133374,2,2019-06-04T15:43:28,64,False
1,방신봉,1,85,1,164.6733465934635,118.6489237964922,5,2019-06-04T15:43:28,98,True
1,박정아,2,64,1,178.4940402636301,66.42458754683149,4,2019-06-04T15:43:28,54,False
1,한수진,2,73,3,179.12607985716502,84.2132395176919,2,2019-06-04T15:43:28,62,False
1,이다영,2,79,2,152.05922413203396,103.66225465096517,4,2019-06-04T15:43:28,42,False
1,김해란,2,63,3,188.02861272690822,71.8972475757758,2,2019-06-04T15:43:28,18,False
1,한지현,2,50,4,158.2473744067735,98.40485106039756,5,2019-06-04T15:43:28,82,True
1,나혜원,2,84,4,177.2467052708586,70.67944051725624,1,2019-06-04T15:43:28,98,True
1,최양비,2,93,1,155.05463910807993,53.075214517537404,3,2019-06-04T15:43:28,94,True
1,구민정,2,49,2,151.64564784173737,80.30778258029463,3,2019-06-04T15:43:28,30,False
1,최단아,2,76,2,162.76369390232418,107.75841383207023,4,2019-06-04T15:43:28,40,False
1,김윤정,2,67,1,188.00057999883524,106.59472480230399,6,2019-06-04T15:43:28,79,True
1,최광희,2,18,3,150.28149556110145,71.79555004122587,2,2019-06-04T15:43:28,76,True
1,신치용,1,18,4,170.4824009082207,47.0346326377923,4,2019-06-04T15:43:28,58,False
1,신치용,1,71,3,180.64515752672756,90.82206818268034,3,2019-06-04T15:43:28,89,True
1,이경수,1,21,3,153.38805007224437,65.69552089140493,3,2019-06-04T15:43:28,73,True
1,최단아,2,60,1,161.84570081895936,110.28668268750464,2,2019-06-04T15:43:28,21,False
1,권영민,1,58,4,165.0254267850586,53.2195064601215,3,2019-06-04T15:43:28,19,False
1,공윤희,2,75,1,152.51788953946928,102.91497819571256,4,2019-06-04T15:43:28,70,True
1,주상용,1,25,1,173.44575894975534,101.43253934114864,1,2019-06-04T15:43:28,47,False
1,강두태,1,47,4,159.82652293129289,96.6137958149198,1,2019-06-04T15:43:28,50,False
1,이다영,2,28,4,167.086298922943,53.06643794758696,5,2019-06-04T15:43:28,36,False
1,문종혁,1,35,3,151.73627878089428,98.08900904989085,6,2019-06-04T15:43:28,58,False
1,이숙자,2,67,1,157.61719673136474,89.00940282807726,6,2019-06-04T15:43:28,79,True
1,시은미,2,36,3,152.3154278862322,117.20220680483047,5,2019-06-04T15:43:28,39,False
1,최단아,2,21,2,182.59054344893036,53.29567777206344,2,2019-06-04T15:43:28,64,False
1,장병철,1,15,4,154.82050364980387,117.70024906080647,5,2019-06-04T15:43:28,85,True
1,이보람,2,83,3,180.90258686222973,81.59812328898298,5,2019-06-04T15:43:28,92,True
1,한수지,2,81,4,164.36340057366382,92.43535530386922,4,2019-06-04T15:43:28,30,False
1,곽유화,2,55,1,158.06080905672465,106.93590987388058,6,2019-06-04T15:43:28,68,False
1,김나희,2,58,3,160.14926118379503,116.3453724480366,5,2019-06-04T15:43:28,64,False
1,이숙자,2,72,3,183.57529066598937,80.94877016023945,3,2019-06-04T15:43:28,63,False
1,이영주,2,39,2,185.10220699282598,97.80711196132727,3,2019-06-04T15:43:28,36,False
1,양유나,2,74,1,152.8361849411349,96.59516506619174,2,2019-06-04T15:43:28,79,True
1,강혜미,2,36,4,184.12686947693552,70.5988322875089,2,2019-06-04T15:43:28,98,True
1,강만수,1,44,3,163.84547497750006,83.19306964549472,5,2019-06-04T15:43:28,96,True
1,이소영,2,91,4,157.79890295986257,59.82501467538424,2,2019-06-04T15:43:28,89,True
1,한송이,2,69,4,159.27817830442737,54.11848830263142,1,2019-06-04T15:43:28,33,False
1,이선구,1,78,2,162.2831091065569,118.27156743767029,3,2019-06-04T15:43:28,18,False
1,손재홍,1,85,1,189.07312148603526,103.15919781790436,6,2019-06-04T15:43:28,41,False
1,김동근,1,61,4,152.3987233846791,57.79380630124692,1,2019-06-04T15:43:28,68,False
1,이성희,1,71,2,187.62526497166772,82.90615954840666,2,2019-06-04T15:43:28,5,False
1,강웅,1,35,3,150.47957086047944,82.84756037492761,4,2019-06-04T15:43:28,5,False
1,황승빈,1,35,2,182.03059839253189,96.19127876386025,4,2019-06-04T15:43:28,81,True
1,강성형,1,79,3,167.34944680681775,75.89387869498644,3,2019-06-04T15:43:28,24,False
1,이강주,1,71,2,176.56556896275697,62.05585520472578,5,2019-06-04T15:43:28,24,False
1,장윤희,2,81,1,156.15231834767286,80.71644428884377,6,2019-06-04T15:43:28,98,True
1,주상용,1,80,4,160.74444930920183,56.635172641687646,5,2019-06-04T15:43:28,69,False
1,한유미,2,67,3,184.23541760064623,76.0877863676081,2,2019-06-04T15:43:28,42,False
1,장윤희,2,79,3,185.31089910551697,78.75902143208415,4,2019-06-04T15:43:28,90,True
1,이아청,2,63,3,169.84359387356875,93.59290547856813,2,2019-06-04T15:43:28,71,True
1,장윤희,2,66,4,170.6490307260538,105.16499937496397,2,2019-06-04T15:43:28,21,False
1,하경민,1,24,3,168.67273327664344,92.73983909244683,5,2019-06-04T15:43:28,62,False
1,허수봉,1,68,2,172.5729776945554,99.0249364977196,6,2019-06-04T15:43:28,34,False
1,김재영,2,26,4,156.65569984496435,45.987023347446424,2,2019-06-04T15:43:28,67,False
1,심경섭,1,17,4,187.19451379693317,68.98352338682514,6,2019-06-04T15:43:28,17,False
1,전진선,1,33,2,156.7006151714769,87.1659190190493,1,2019-06-04T15:43:28,65,False
1,이용택,1,17,4,159.37821943476607,99.0875065275714,4,2019-06-04T15:43:28,96,True
1,차희선,2,73,3,162.26709621236608,47.798965099277964,2,2019-06-04T15:43:28,27,False
1,차상현,1,98,1,151.45304909547153,116.24506188154515,4,2019-06-04T15:43:28,56,False
1,송명근,1,90,2,186.12089672685914,112.76974043948302,5,2019-06-04T15:43:28,14,False
1,양유나,2,19,3,163.1747955799451,63.55172935061468,5,2019-06-04T15:43:28,22,False
1,강웅,1,50,2,177.1531670474904,114.7280018457112,4,2019-06-04T15:43:28,73,True
1,김세영,2,29,2,172.56816306562615,92.29335194488752,2,2019-06-04T15:43:28,55,False
1,유서연,2,21,1,176.30994217544838,50.04514653336598,3,2019-06-04T15:43:28,60,False
1,손주형,1,87,1,188.27464076148127,75.10748727727693,4,2019-06-04T15:43:28,5,False
1,안혜진,2,73,1,164.15711941809386,99.64207819224079,5,2019-06-04T15:43:28,63,False
1,이효희,2,58,1,168.2729949070954,50.14308305633082,3,2019-06-04T15:43:28,97,True
1,송인석,1,59,2,183.42593409792485,96.98159751353026,3,2019-06-04T15:43:28,39,False
1,진준택,1,57,1,161.86919967719732,51.33937617948973,3,2019-06-04T15:43:28,83,True
1,오현미,2,23,4,161.19822483529654,108.22179575666168,1,2019-06-04T15:43:28,61,False
1,노재욱,1,97,3,189.88435712605292,56.73939854765998,6,2019-06-04T15:43:28,79,True
1,이나연,2,72,4,186.7854299237882,71.3716381552653,3,2019-06-04T15:43:28,92,True
1,박정아,2,23,4,160.0319547602435,74.7573010266771,2,2019-06-04T15:43:28,10,False
1,이민욱,1,58,1,174.55185153958425,96.45007653741416,2,2019-06-04T15:43:28,100,True
1,김해란,2,58,2,153.42015891209294,81.23656499253727,3,2019-06-04T15:43:28,61,False
1,강만수,1,16,4,181.1000899243137,83.99925964802081,1,2019-06-04T15:43:28,68,False
1,표승주,2,16,1,152.87438169813882,47.25760120942647,5,2019-06-04T15:43:28,24,False
1,박철형,1,43,1,166.31072754901095,96.50410082510575,6,2019-06-04T15:43:28,94,True
1,김혜선,2,58,1,160.47123444394143,78.34283442426033,5,2019-06-04T15:43:28,36,False
1,양성만,1,26,4,172.8867618293824,63.39581802705517,5,2019-06-04T15:43:28,19,False
1,김수지,2,35,4,168.4992431810048,67.75897663603155,6,2019-06-04T15:43:28,21,False
1,유서연,2,19,3,150.37710518173657,116.33394114553428,6,2019-06-04T15:43:28,27,False
1,최윤옥,2,91,3,182.06728065211666,81.01489744686268,3,2019-06-04T15:43:28,40,False
1,염혜선,2,26,4,177.21497449339049,58.91675525531075,2,2019-06-04T15:43:28,12,False
1,지정희,2,41,4,154.74386632197982,58.30921004051481,3,2019-06-04T15:43:28,100,True
1,장광균,1,23,4,159.94847960348326,104.09113630908433,5,2019-06-04T15:43:28,89,True
1,이효동,1,20,1,181.84475241912625,59.63769182411867,2,2019-06-04T15:43:28,50,False
1,유서연,2,51,1,168.08626912998503,51.14891035310723,5,2019-06-04T15:43:28,26,False
1,이강주,1,25,3,182.2866377033714,86.27197943837712,2,2019-06-04T15:43:28,83,True
1,전진선,1,47,4,153.07735671177218,77.26090062436953,2,2019-06-04T15:43:28,64,False
1,신치용,1,75,2,180.10087280781892,81.51171053123255,5,2019-06-04T15:43:28,17,False
1,이민규,1,44,3,174.67053099459054,64.17428063402079,2,2019-06-04T15:43:28,2,False
1,시은미,2,62,2,160.5651066327303,89.3678238375976,4,2019-06-04T15:43:28,53,False
1,부용찬,1,41,3,189.52563972285375,71.00140230996563,5,2019-06-04T15:43:28,12,False
1,김학민,1,63,4,188.60452330614555,117.47669006327372,5,2019-06-04T15:43:28,75,True
1,최단아,2,34,4,165.26750928676006,78.41696535199702,1,2019-06-04T15:43:28,80,True
1,정민정,2,91,1,152.53307185731273,94.42717508170722,2,2019-06-04T15:43:28,60,False
1,황승빈,1,45,1,171.94450293579712,78.6509870720601,3,2019-06-04T15:43:28,98,True
1,우주리,2,63,1,188.64608995442543,113.66216911281947,2,2019-06-04T15:43:28,9,False
1,전진선,1,43,1,178.17509597304124,117.99345426963377,3,2019-06-04T15:43:28,24,False
1,석진욱,1,56,3,150.71577609232926,47.30788074547361,4,2019-06-04T15:43:28,15,False
1,김천재,1,78,4,170.71974795418822,61.81154840940261,4,2019-06-04T15:43:28,42,False
1,이시우,1,47,3,165.84034980208793,115.84159665096708,5,2019-06-04T15:43:28,58,False
1,주예나,2,55,1,189.10399009621221,99.19888576433411,6,2019-06-04T15:43:28,86,True
1,이아청,2,81,1,161.01273758671044,97.85355540653421,5,2019-06-04T15:43:28,73,True
1,이경석,1,73,3,189.3354095286644,107.49053696829006,5,2019-06-04T15:43:28,3,False
1,이재영,2,77,3,158.08260443087397,118.43662658735924,2,2019-06-04T15:43:28,37,False
1,김연경,2,63,2,172.45599010239488,81.0611958134458,6,2019-06-04T15:43:28,13,False
1,이효동,1,74,3,177.7531485171825,85.19492765641792,6,2019-06-04T15:43:28,89,True
1,장윤희,2,42,3,160.6670422893635,53.787655260936354,1,2019-06-04T15:43:28,68,False
1,장준호,1,71,4,178.8353707103224,88.8021576916529,6,2019-06-04T15:43:28,99,True
1,박기원,1,40,3,181.78060304232227,81.29980990410706,1,2019-06-04T15:43:28,21,False
1,이시우,1,16,2,168.15248692968777,89.84294179577856,4,2019-06-04T15:43:28,16,False
1,정시영,2,37,3,169.57353097713727,101.7217474713061,2,2019-06-04T15:43:28,2,False
1,이민욱,1,23,2,174.61096191601084,76.17984478201805,1,2019-06-04T15:43:28,92,True
1,곽승석,1,42,3,157.73602390118745,53.24690050963237,2,2019-06-04T15:43:28,68,False
1,황연주,2,69,4,160.2742884528813,100.82124481125014,5,2019-06-04T15:43:28,11,False
1,김동근,1,65,3,189.02246428031074,97.10646256421131,6,2019-06-04T15:43:28,94,True
1,이선구,1,24,1,169.80888050075635,48.06287751553858,6,2019-06-04T15:43:28,72,True
1,장광균,1,92,4,187.33557762119446,87.44272077157135,4,2019-06-04T15:43:28,94,True
1,송인석,1,47,3,151.45846525923736,46.672411727693316,2,2019-06-04T15:43:28,22,False
1,강만수,1,65,2,166.4756558406258,86.91163715874166,5,2019-06-04T15:43:28,44,False
1,이지석,1,18,4,183.86732536899504,72.39303418011451,2,2019-06-04T15:43:28,13,False
1,이원중,1,87,4,176.00715779440057,112.80901587123178,2,2019-06-04T15:43:28,68,False
1,장소연,2,23,4,172.82393046840977,84.48068694226518,5,2019-06-04T15:43:28,21,False
1,이주아,2,22,3,154.6562402655393,110.5301320227418,2,2019-06-04T15:43:28,13,False
1,강호경,1,97,2,174.34906812361723,48.79318897317945,5,2019-06-04T15:43:28,11,False
1,이아청,2,84,2,189.98111564425983,82.5523687644842,3,2019-06-04T15:43:28,2,False
1,이효희,2,77,2,167.43367539541373,109.97851319219227,5,2019-06-04T15:43:28,79,True
1,이재영,2,56,2,152.2720569473418,74.11128385744827,4,2019-06-04T15:43:28,93,True
1,공윤희,2,86,1,151.08708888229276,77.59858002055573,1,2019-06-04T15:43:28,87,True
1,이형두,1,43,2,160.35383345708834,104.2511747294327,1,2019-06-04T15:43:28,51,False
1,장준호,1,15,1,158.45380820003047,97.68280810894498,6,2019-06-04T15:43:28,37,False
1,이효희,2,57,4,187.0025173437187,57.87820210373235,5,2019-06-04T15:43:28,60,False
1,백승헌,1,37,2,189.19482488027552,106.52457093542318,3,2019-06-04T15:43:28,28,False
1,문지원,2,97,3,163.9577399998712,118.32855417120227,3,2019-06-04T15:43:28,8,False
1,우주리,2,66,2,160.05136500846942,51.70132200327704,3,2019-06-04T15:43:28,26,False
1,김형진,1,76,1,180.3171529178822,115.00417140233704,6,2019-06-04T15:43:28,92,True
1,송명근,1,64,4,184.17411784832686,117.8957040590797,1,2019-06-04T15:43:28,31,False
1,백목화,2,62,1,179.2767018258424,105.78342579151953,3,2019-06-04T15:43:28,92,True
1,조재성,1,80,4,167.7042070867746,100.1513425101889,1,2019-06-04T15:43:28,55,False
1,김세영,2,26,3,165.8350088759168,82.91385819865083,3,2019-06-04T15:43:28,53,False
1,전진선,1,70,3,160.0464689531437,58.49198631409981,1,2019-06-04T15:43:28,76,True
1,이미현,2,25,4,166.47543765323636,51.99024395093474,5,2019-06-04T15:43:28,82,True
1,임도헌,1,29,1,169.82557641859358,98.63787624718768,2,2019-06-04T15:43:28,91,True
1,김병선,1,83,2,180.81268280130948,77.98386101670468,1,2019-06-04T15:43:28,44,False
1,강웅,1,69,4,155.3955620825911,74.41754558935595,3,2019-06-04T15:43:28,45,False
1,장윤창,1,29,4,153.05621139292276,112.11560452158854,5,2019-06-04T15:43:28,29,False
1,박정아,2,32,2,172.5167421658346,46.83645138847576,3,2019-06-04T15:43:28,5,False
1,차희선,2,17,4,166.56216666240647,102.61784754623937,1,2019-06-04T15:43:28,69,False
1,곽승석,1,74,3,188.45638047202254,104.54430234802967,3,2019-06-04T15:43:28,68,False
1,문성민,1,73,2,166.8655537467377,65.82529228478722,2,2019-06-04T15:43:28,8,False
1,하혜진,2,79,4,171.10996023857163,81.91831743879433,3,2019-06-04T15:43:28,62,False
1,공윤희,2,40,4,156.85468752394013,59.19308005488715,4,2019-06-04T15:43:28,14,False
1,김병선,1,24,4,158.35212244090349,101.52925828348256,1,2019-06-04T15:43:28,28,False
1,김상우,1,44,1,186.16603872617947,80.7764917181759,2,2019-06-04T15:43:28,83,True
1,김민지,2,65,3,150.605205090028,114.62230927615941,5,2019-06-04T15:43:28,72,True
1,김윤정,2,39,4,185.45267156319926,116.51932108367714,5,2019-06-04T15:43:28,42,False
1,김형진,1,49,2,183.0019808182289,45.60785890752092,6,2019-06-04T15:43:28,43,False
1,구민정,2,60,1,155.6191926686699,88.61218993519606,5,2019-06-04T15:43:28,1,False
1,조영은,2,41,2,159.0959714495364,102.51663681361609,4,2019-06-04T15:43:28,13,False
1,김주향,2,20,2,156.12303130806563,66.98334156361335,4,2019-06-04T15:43:28,31,False
1,최광희,2,21,2,172.33874812999326,85.13311924518287,5,2019-06-04T15:43:28,3,False
1,진현우,1,88,3,161.64536747796748,57.67536997110734,5,2019-06-04T15:43:28,56,False
1,김형진,1,93,3,160.8138263904896,59.99262645486497,5,2019-06-04T15:43:28,60,False
1,한상길,1,67,1,160.25013739420282,100.25273780917519,4,2019-06-04T15:43:28,45,False
1,강웅,1,93,3,157.53911800102426,47.11967687442637,4,2019-06-04T15:43:28,72,True
1,김나희,2,49,1,178.71315034451084,48.13411509028075,3,2019-06-04T15:43:28,97,True
1,송희채,1,39,1,172.27079307370977,106.45046777778924,3,2019-06-04T15:43:28,42,False
1,최광희,2,47,3,156.50706158324363,88.35124538814225,3,2019-06-04T15:43:28,79,True
1,방신봉,1,42,1,156.07334994662284,117.34683401123164,5,2019-06-04T15:43:28,50,False
1,김사니,2,42,1,155.053756087466,84.83592609407168,2,2019-06-04T15:43:28,81,True
1,이아청,2,33,3,183.60771364831362,71.37053943235176,5,2019-06-04T15:43:28,94,True
1,신치용,1,17,2,182.7102689610787,73.45251044885156,1,2019-06-04T15:43:28,77,True
1,이정옥,2,48,3,150.3562141050647,96.55371191129397,2,2019-06-04T15:43:28,28,False
1,김향란,2,82,1,180.93932088290808,117.86487300674638,4,2019-06-04T15:43:28,23,False
1,백목화,2,46,4,164.33439942569146,109.78597745986147,4,2019-06-04T15:43:28,43,False
1,박삼용,1,83,1,166.68548352987912,87.91804758771514,3,2019-06-04T15:43:28,32,False
1,한유미,2,75,3,155.46506683562177,118.32162845159394,4,2019-06-04T15:43:28,84,True
1,최단아,2,82,3,152.7652193638833,58.1604770441745,4,2019-06-04T15:43:28,80,True
1,김경훈,1,34,3,159.12018385556235,114.26328953559032,6,2019-06-04T15:43:28,83,True
1,구민정,2,88,3,169.38487981726806,108.89870566695629,3,2019-06-04T15:43:28,29,False
1,최윤옥,2,54,3,181.6839355371619,116.2993824656799,1,2019-06-04T15:43:28,14,False
1,김학민,1,75,3,185.37862257857057,68.68993680558071,2,2019-06-04T15:43:28,8,False
1,노란,2,41,4,157.31362908314583,97.25780956925334,1,2019-06-04T15:43:28,59,False
1,조재성,1,82,2,184.3516426929198,49.96731839551263,2,2019-06-04T15:43:28,73,True
1,장광균,1,18,3,169.566780442569,80.68262619992018,4,2019-06-04T15:43:28,89,True
1,송희채,1,30,2,174.75799888853896,73.08956798626875,5,2019-06-04T15:43:28,42,False
1,김호철,1,31,3,152.42542276104115,108.56171521092355,6,2019-06-04T15:43:28,41,False
1,조송화,2,18,1,163.42921784811637,106.05468847669499,1,2019-06-04T15:43:28,18,False
1,이재영,2,39,1,161.96772200917064,95.80540046828786,2,2019-06-04T15:43:28,39,False
1,박기원,1,47,3,166.0553734146563,57.59497587718475,2,2019-06-04T15:43:28,53,False
1,문정원,2,59,4,153.80442744337563,64.88678197642066,5,2019-06-04T15:43:28,18,False
1,이주아,2,89,2,182.44773251788894,66.50221479024819,5,2019-06-04T15:43:28,99,True
1,김병선,1,92,1,187.5278959108474,59.94438049607312,6,2019-06-04T15:43:28,51,False
1,문종혁,1,26,3,175.87596076708297,65.31300699656225,3,2019-06-04T15:43:28,35,False
1,김지수,2,60,2,171.77715344586642,111.88168706600874,2,2019-06-04T15:43:28,14,False
1,이진희,2,84,2,179.5298627836605,58.117057191691714,6,2019-06-04T15:43:28,75,True
1,강수희,2,69,2,178.10165981141495,58.8861858468854,6,2019-06-04T15:43:28,34,False
1,오현미,2,90,2,189.71857051710668,99.78662445638453,5,2019-06-04T15:43:28,81,True
1,백목화,2,57,1,153.94401493999652,105.16595860179788,1,2019-06-04T15:43:28,86,True
1,심경섭,1,72,2,170.16983125970444,47.95334845149447,1,2019-06-04T15:43:28,40,False
1,김경훈,1,41,3,161.57990856851177,85.47483926816253,5,2019-06-04T15:43:28,42,False
1,이재영,2,26,2,186.51925859674702,92.32735281940481,1,2019-06-04T15:43:28,11,False
1,김병선,1,98,2,182.75949978606928,117.96200704529241,4,2019-06-04T15:43:28,4,False
1,문명화,2,18,2,176.04174060140193,62.51297717618525,4,2019-06-04T15:43:28,16,False
1,최귀동,1,55,4,169.06054677611942,116.4821049744767,4,2019-06-04T15:43:28,18,False
1,신영철,1,30,2,189.867405885547,116.6559487717255,4,2019-06-04T15:43:28,74,True
1,김다정,2,45,4,185.90587365013732,50.861896212249825,5,2019-06-04T15:43:28,39,False
1,진준택,1,82,1,183.60246291267646,119.26845444830317,2,2019-06-04T15:43:28,100,True
1,강수희,2,35,2,156.22681495599883,54.909753211144576,4,2019-06-04T15:43:28,40,False
1,이시우,1,72,1,171.20497328219986,93.83294594267764,6,2019-06-04T15:43:28,83,True
1,김주향,2,46,4,163.39715830890398,62.55455528366526,2,2019-06-04T15:43:28,88,True
1,마낙길,1,91,3,161.26145802205,87.8449877318612,4,2019-06-04T15:43:28,42,False
1,신경수,1,38,1,183.72950729634013,116.87099446416121,1,2019-06-04T15:43:28,65,False
1,송명근,1,53,3,154.5439912463087,49.502315386187014,4,2019-06-04T15:43:28,5,False
1,황연주,2,75,4,178.67559604171566,63.15052628238198,1,2019-06-04T15:43:28,94,True
1,유광우,1,55,2,175.5801901738684,70.52555599815587,2,2019-06-04T15:43:28,53,False
1,황동일,1,81,3,170.50263214747235,88.02174916550062,4,2019-06-04T15:43:28,15,False
1,하경민,1,71,1,151.1335540656374,55.65729542899839,2,2019-06-04T15:43:28,7,False
1,김진희,2,35,2,185.84648801899192,83.07273203808066,6,2019-06-04T15:43:28,7,False
1,강소휘,2,99,1,189.62191827976972,105.0294998490858,6,2019-06-04T15:43:28,75,True
1,최양비,2,82,4,158.71681336215144,97.14115948126388,2,2019-06-04T15:43:28,87,True
1,최태웅,1,79,2,163.59476127881126,69.3514076039449,3,2019-06-04T15:43:28,76,True
1,방신봉,1,57,3,155.31752735528394,86.65353881697996,3,2019-06-04T15:43:28,90,True
1,김학민,1,98,3,178.3630503291513,90.78333057092118,6,2019-06-04T15:43:28,7,False
1,김지수,2,22,1,151.68335989212935,80.0642785175045,3,2019-06-04T15:43:28,27,False
1,강민웅,1,20,4,189.40798362457855,64.01040680066188,3,2019-06-04T15:43:28,28,False
1,이재영,2,56,4,161.8358148719728,108.88996577179108,6,2019-06-04T15:43:28,6,False
1,노란,2,24,4,155.82368419277586,53.06620520211305,4,2019-06-04T15:43:28,58,False
1,문종혁,1,99,3,171.48145335914074,112.9191548876491,2,2019-06-04T15:43:28,76,True
1,김상우,1,83,2,173.60391789215922,104.7928935930911,3,2019-06-04T15:43:28,13,False
1,이효희,2,95,3,156.19413753559425,58.65539687262091,3,2019-06-04T15:43:28,98,True
1,여오현,1,81,2,165.4489961381278,87.845387401063,1,2019-06-04T15:43:28,24,False
1,김윤정,2,61,3,186.2971769931135,97.16533915099001,2,2019-06-04T15:43:28,19,False
1,이소라,2,70,3,181.80494163228195,57.528077667543414,3,2019-06-04T15:43:28,69,False
1,지민경,2,68,1,174.92158849725448,77.36126349640134,5,2019-06-04T15:43:28,96,True
1,심경섭,1,76,2,179.13525660403798,53.63587050393143,2,2019-06-04T15:43:28,47,False
1,이진화,2,46,3,173.76726534331607,102.03234817608356,3,2019-06-04T15:43:28,52,False
1,손재홍,1,69,2,178.62826164561812,52.10942414766117,4,2019-06-04T15:43:28,92,True
1,이나연,2,68,2,158.97252790235396,65.9071491451817,3,2019-06-04T15:43:28,30,False
1,이시우,1,87,2,171.01836846492498,104.00520590826615,5,2019-06-04T15:43:28,20,False
1,문명화,2,70,2,176.75029590694118,83.52802673680301,1,2019-06-04T15:43:28,72,True
1,김요한,1,43,2,152.4090723658103,57.3998610559794,2,2019-06-04T15:43:28,42,False
1,김세영,2,36,4,178.23937890807477,101.13406583342055,3,2019-06-04T15:43:28,25,False
1,염혜선,2,41,1,155.35580587831444,57.31964147193154,4,2019-06-04T15:43:28,48,False
1,김주향,2,61,1,174.18534220400068,77.84680513195403,6,2019-06-04T15:43:28,24,False
1,채선아,2,39,3,155.60540488193772,75.22922584054335,6,2019-06-04T15:43:28,4,False
1,심경섭,1,18,2,173.7828023263454,109.45845284557991,2,2019-06-04T15:43:28,72,True
1,최홍석,1,73,4,174.88851358180278,55.79670898323632,5,2019-06-04T15:43:28,49,False
1,구민정,2,41,2,166.00440447103517,66.4856265942646,5,2019-06-04T15:43:28,5,False
1,강성형,1,99,4,173.09337271903476,92.08458825133941,5,2019-06-04T15:43:28,62,False
1,노재욱,1,30,1,160.31656405267685,58.41275327285822,5,2019-06-04T15:43:28,74,True
1,김다정,2,63,2,184.3331201265418,99.99043423677446,6,2019-06-04T15:43:28,43,False
1,한은지,2,75,1,166.9176191038589,61.043205165170676,6,2019-06-04T15:43:28,61,False
1,강동진,1,81,1,162.7036078075,56.39261754869675,5,2019-06-04T15:43:28,99,True
1,진현우,1,87,3,168.2164390707252,85.64840746102733,6,2019-06-04T15:43:28,63,False
1,정대영,2,92,4,159.12054711711923,78.13038551908733,5,2019-06-04T15:43:28,40,False
1,장윤창,1,23,3,185.8654960024203,115.60656421129471,4,2019-06-04T15:43:28,36,False
1,염혜선,2,46,3,170.120692799466,103.05129770232091,6,2019-06-04T15:43:28,69,False
1,이소영,2,90,1,170.34512827334308,60.94089169565819,4,2019-06-04T15:43:28,85,True
1,박미희,2,68,3,150.31761870998102,48.684603889826434,2,2019-06-04T15:43:28,3,False
1,이나연,2,54,1,172.9054915024644,74.75468693667503,5,2019-06-04T15:43:28,8,False
1,김미연,2,19,3,180.0794105313002,79.31587574229098,2,2019-06-04T15:43:28,37,False
1,이정옥,2,29,4,180.86208827562598,97.43205184412557,3,2019-06-04T15:43:28,1,False
1,박철우,1,36,3,167.9516172593492,74.49250710939073,5,2019-06-04T15:43:28,35,False
1,송병일,1,22,4,168.15921231583607,49.7929685425671,1,2019-06-04T15:43:28,81,True
1,한수지,2,79,4,155.15847784846358,72.65191508647563,5,2019-06-04T15:43:28,60,False
1,이정옥,2,74,4,157.63323104347324,53.1125186075608,4,2019-06-04T15:43:28,52,False
1,이고은,2,29,1,152.18186017767843,83.41383867210236,5,2019-06-04T15:43:28,73,True
1,배유나,2,69,4,168.6444915387741,77.87375572364208,4,2019-06-04T15:43:28,31,False
1,노금란,2,20,2,166.98532604400145,48.10502753636528,6,2019-06-04T15:43:28,20,False
1,변명진,2,66,1,183.29446593602717,101.47587167335232,4,2019-06-04T15:43:28,56,False
1,이소라,2,64,4,163.0981477055495,67.98918803241754,6,2019-06-04T15:43:28,61,False
1,배유나,2,22,2,189.34426804877666,51.34082612536284,3,2019-06-04T15:43:28,1,False
1,차지환,1,60,4,167.76256714553458,113.40010413208023,2,2019-06-04T15:43:28,97,True
1,최단아,2,55,3,169.75259620495927,93.70724969486682,5,2019-06-04T15:43:28,21,False
1,최귀동,1,26,4,155.32531667030344,68.47755619978206,2,2019-06-04T15:43:28,80,True
1,조재성,1,21,3,167.06743260450207,61.58075714950115,5,2019-06-04T15:43:28,5,False
1,하종화,1,26,1,158.28467545948752,73.37717458040598,3,2019-06-04T15:43:28,9,False
1,박상하,1,85,3,167.41146909053344,87.43352708817335,6,2019-06-04T15:43:28,85,True
1,박철형,1,69,2,186.44730266990751,82.64027560976666,2,2019-06-04T15:43:28,32,False
1,전진선,1,27,4,183.073182369934,69.88841861013387,6,2019-06-04T15:43:28,94,True
1,이도희,2,76,3,178.4479719101808,46.88169284465771,3,2019-06-04T15:43:28,83,True
1,곽유화,2,97,3,176.49555015921965,99.01139112112034,3,2019-06-04T15:43:28,48,False
1,황현주,1,86,3,176.8424958589365,94.43245958207669,6,2019-06-04T15:43:28,99,True
1,이숙자,2,71,4,154.52816688955346,60.32596220076084,1,2019-06-04T15:43:28,46,False
1,곽유화,2,23,3,163.37231363234613,65.27465759186502,2,2019-06-04T15:43:28,28,False
1,표승주,2,52,1,171.185511618001,114.06829783292399,4,2019-06-04T15:43:28,80,True
1,부용찬,1,40,3,172.6552949522401,48.49319769152041,3,2019-06-04T15:43:28,0,False
1,하경민,1,83,1,151.4279480517537,63.620364200237965,2,2019-06-04T15:43:28,41,False
1,이경석,1,34,4,184.3843181307629,47.73041529542861,2,2019-06-04T15:43:28,2,False
1,정시영,2,80,1,162.15026748990815,107.57208811734932,4,2019-06-04T15:43:28,20,False
1,강만수,1,77,1,170.71243223058275,99.06478667791208,5,2019-06-04T15:43:28,76,True
1,장병철,1,69,1,167.02472768423172,82.12742267235484,1,2019-06-04T15:43:28,77,True
1,이혜린,2,21,1,153.4750931802629,58.064973545212595,3,2019-06-04T15:43:28,41,False
1,김윤정,2,44,1,172.38772699259044,75.63572983976698,1,2019-06-04T15:43:28,47,False
1,하혜진,2,90,3,183.13698540984842,108.43347017607384,2,2019-06-04T15:43:28,13,False
1,이시몬,1,59,3,170.71000586562144,79.5103241237764,4,2019-06-04T15:43:28,71,True
1,김다정,2,64,4,160.1188060926055,51.44742096949222,2,2019-06-04T15:43:28,60,False
1,이진화,2,39,1,187.31766014617608,64.98152772815416,6,2019-06-04T15:43:28,92,True
1,박미희,2,81,3,166.795457337686,52.40698640780133,4,2019-06-04T15:43:28,33,False
1,문성민,1,23,3,166.30270052605218,95.20072377233413,2,2019-06-04T15:43:28,24,False
1,강성형,1,27,1,174.73204243284388,98.06237125712644,6,2019-06-04T15:43:28,27,False
1,문성민,1,60,3,152.83079297738757,86.62587933415605,2,2019-06-04T15:43:28,99,True
1,서남원,1,51,1,164.75316018624255,110.25642466977591,2,2019-06-04T15:43:28,57,False
1,송인석,1,72,3,176.453253103829,78.7003657070245,6,2019-06-04T15:43:28,43,False
1,조철희,1,30,1,170.73713784175436,90.39965560561728,5,2019-06-04T15:43:28,92,True
1,문명화,2,91,2,173.1673944421769,58.775518300464945,4,2019-06-04T15:43:28,87,True
1,변명진,2,46,2,162.96128649262047,77.16520971711554,1,2019-06-04T15:43:28,50,False
1,최양비,2,61,3,177.21006920832667,108.98477374747836,2,2019-06-04T15:43:28,43,False
1,김정호,1,18,2,173.97290772391977,63.63910949144837,5,2019-06-04T15:43:28,14,False
